date,name,ticker,open,high,low,close,volume
2020-01-05,KASE,KASE_INDEX,2360.27,2378.92,2360.27,2371.62,13.01
2020-01-06,KASE,KASE_INDEX,2370.14,2378.64,2351.79,2359.14,29.02
2020-01-08,KASE,KASE_INDEX,2359.89,2366.87,2337.64,2352.99,59.75
2020-01-09,KASE,KASE_INDEX,2354.19,2372.3,2347.01,2362.17,64.01
2020-01-10,KASE,KASE_INDEX,2362.12,2381.05,2362.12,2363.46,1386.32
2020-01-13,KASE,KASE_INDEX,2365.21,2388.52,2364.3,2368.07,1013.97
2020-01-14,KASE,KASE_INDEX,2371.34,2406.36,2371.34,2386.04,1417.11
2020-01-15,KASE,KASE_INDEX,2388.21,2405.16,2379.75,2391.37,1131.3
2020-01-16,KASE,KASE_INDEX,2391.37,2397.34,2377.63,2381.28,1436.94
2020-01-17,KASE,KASE_INDEX,2381.84,2391.77,2370.72,2375.6,2215.96
2020-01-20,KASE,KASE_INDEX,2375.6,2386.41,2373.5,2382.6,2358.17
2020-01-21,KASE,KASE_INDEX,2379.32,2383.43,2333.15,2345.57,2162.97
2020-01-22,KASE,KASE_INDEX,2345.54,2364.21,2339.09,2342.61,392.91
2020-01-23,KASE,KASE_INDEX,2342.61,2343.61,2276.5,2313.33,2096.22
2020-01-24,KASE,KASE_INDEX,2310.73,2310.73,2275.37,2277.42,84.24
2020-01-27,KASE,KASE_INDEX,2275.64,2289.57,2255.82,2257.55,489.69
2020-01-28,KASE,KASE_INDEX,2257.56,2275.49,2248.34,2275.08,369.99
2020-01-29,KASE,KASE_INDEX,2275.49,2300.28,2261.33,2299.22,34.6
2020-01-30,KASE,KASE_INDEX,2300.54,2301.62,2278.67,2287.51,252.3
2020-01-31,KASE,KASE_INDEX,2287.51,2318.05,2285.22,2299.25,379.21
2020-02-03,KASE,KASE_INDEX,2300.53,2310.47,2277.99,2300.36,200.7
2020-02-04,KASE,KASE_INDEX,2304.51,2315.07,2285.47,2314.45,703.99
2020-02-05,KASE,KASE_INDEX,2314.46,2332.18,2305.01,2322.44,55.73
2020-02-06,KASE,KASE_INDEX,2322.84,2347.57,2316.23,2322.05,82.51
2020-02-07,KASE,KASE_INDEX,2321.77,2349.16,2321.77,2342.09,66.49
2020-02-10,KASE,KASE_INDEX,2342.68,2344.45,2320.88,2330.54,28.54
2020-02-11,KASE,KASE_INDEX,2330.52,2330.99,2296.58,2314.16,129.16
2020-02-12,KASE,KASE_INDEX,2314.3,2333.16,2296.99,2316.42,1093.14
2020-02-13,KASE,KASE_INDEX,2316.4,2322.5,2311.86,2322.5,21.78
2020-02-14,KASE,KASE_INDEX,2322.67,2339.62,2322.02,2322.02,18.6
2020-02-17,KASE,KASE_INDEX,2322.17,2346.15,2322.17,2341.93,31.51
2020-02-18,KASE,KASE_INDEX,2343.12,2344.44,2334.13,2336.63,24.57
2020-02-19,KASE,KASE_INDEX,2336.63,2348.39,2333.69,2340.49,44.87
2020-02-20,KASE,KASE_INDEX,2338.33,2386.84,2338.33,2381.23,95.12
2020-02-21,KASE,KASE_INDEX,2390.16,2394.52,2366.12,2373.34,97.2
2020-02-24,KASE,KASE_INDEX,2373.11,2378.97,2326.13,2335.79,76.08
2020-02-25,KASE,KASE_INDEX,2335.9,2341.68,2323.79,2337.39,86.19
2020-02-26,KASE,KASE_INDEX,2331.01,2335.54,2293.37,2304.73,110.68
2020-02-27,KASE,KASE_INDEX,2304.64,2306.87,2283.2,2302.72,48.99
2020-02-28,KASE,KASE_INDEX,2302.27,2302.27,2208.57,2222.59,171.89
2020-03-02,KASE,KASE_INDEX,2223.17,2261.71,2201.28,2232.71,170.72
2020-03-03,KASE,KASE_INDEX,2234.32,2283.04,2234.32,2283.04,137.82
2020-03-04,KASE,KASE_INDEX,2281.82,2292.8,2255.75,2285.38,75.55
2020-03-05,KASE,KASE_INDEX,2285.38,2292.61,2260.97,2266.44,73.56
2020-03-06,KASE,KASE_INDEX,2260.6,2269.74,2240.13,2246.39,112.21
2020-03-10,KASE,KASE_INDEX,2241.5,2241.5,2080.88,2139.18,190.17
2020-03-11,KASE,KASE_INDEX,2132.56,2158.49,2108.05,2153.32,180.38
2020-03-12,KASE,KASE_INDEX,2149.97,2149.97,2095.51,2103.64,207.77
2020-03-13,KASE,KASE_INDEX,2108.85,2108.85,2017.26,2102.68,280.81
2020-03-16,KASE,KASE_INDEX,2093.39,2113.11,2027.9,2055.72,250.76
2020-03-17,KASE,KASE_INDEX,2057.19,2104.43,2047.89,2069.66,219.98
2020-03-18,KASE,KASE_INDEX,2089.76,2107.57,2060.64,2105.43,138.42
2020-03-19,KASE,KASE_INDEX,2098.06,2119.69,2059.19,2116.4,302.43
2020-03-20,KASE,KASE_INDEX,2116.54,2159.55,2113.79,2149.09,101.43
2020-03-26,KASE,KASE_INDEX,2149.85,2172.21,2123.35,2143.38,174.0
2020-03-27,KASE,KASE_INDEX,2150.75,2166.48,2145.74,2155.58,156.14
2020-03-30,KASE,KASE_INDEX,2157.62,2176.48,2145.25,2175.54,67.59
2020-03-31,KASE,KASE_INDEX,2173.61,2224.17,2144.92,2224.17,257.29
2020-04-01,KASE,KASE_INDEX,2224.51,2240.76,2208.25,2212.62,45.74
2020-04-02,KASE,KASE_INDEX,2212.7,2253.83,2181.92,2217.1,194.83
2020-04-03,KASE,KASE_INDEX,2211.06,2219.25,2174.36,2209.51,43.16
2020-04-06,KASE,KASE_INDEX,2220.69,2233.46,2203.63,2222.9,54.17
2020-04-07,KASE,KASE_INDEX,2232.74,2238.84,2212.3,2214.78,68.89
2020-04-08,KASE,KASE_INDEX,2214.95,2253.53,2197.19,2253.53,166.37
2020-04-09,KASE,KASE_INDEX,2254.54,2255.35,2230.09,2243.54,55.15
2020-04-10,KASE,KASE_INDEX,2243.54,2266.25,2243.54,2249.72,178.68
2020-04-13,KASE,KASE_INDEX,2249.72,2273.76,2241.72,2259.2,48.91
2020-04-14,KASE,KASE_INDEX,2257.8,2276.1,2257.8,2273.74,81.02
2020-04-15,KASE,KASE_INDEX,2283.05,2292.95,2255.86,2267.38,73.2
2020-04-16,KASE,KASE_INDEX,2267.38,2271.26,2235.26,2266.39,3598.01
2020-04-17,KASE,KASE_INDEX,2261.49,2293.76,2247.43,2261.31,1560.54
2020-04-20,KASE,KASE_INDEX,2255.74,2287.57,2251.52,2279.88,2214.9
2020-04-21,KASE,KASE_INDEX,2273.46,2283.85,2251.45,2257.2,2871.91
2020-04-22,KASE,KASE_INDEX,2257.2,2257.2,2187.6,2237.2,208.9
2020-04-23,KASE,KASE_INDEX,2234.42,2269.57,2233.45,2255.83,84.11
2020-04-24,KASE,KASE_INDEX,2254.6,2281.42,2250.08,2269.95,1693.56
2020-04-27,KASE,KASE_INDEX,2270.41,2288.77,2259.86,2271.6,96.31
2020-04-28,KASE,KASE_INDEX,2272.51,2285.12,2258.14,2262.99,184.68
2020-04-29,KASE,KASE_INDEX,2263.86,2269.99,2247.96,2250.77,120.63
2020-04-30,KASE,KASE_INDEX,2250.78,2280.34,2243.4,2274.98,165.91
2020-05-04,KASE,KASE_INDEX,2267.46,2282.59,2242.03,2266.45,42.44
2020-05-05,KASE,KASE_INDEX,2261.68,2280.58,2261.38,2280.55,28.08
2020-05-06,KASE,KASE_INDEX,2280.55,2289.38,2265.21,2277.04,56.68
2020-05-11,KASE,KASE_INDEX,2277.04,2286.57,2255.24,2271.51,55.63
2020-05-12,KASE,KASE_INDEX,2276.02,2286.21,2259.94,2268.77,40.36
2020-05-13,KASE,KASE_INDEX,2271.84,2272.09,2241.77,2254.38,145.9
2020-05-14,KASE,KASE_INDEX,2254.17,2264.24,2229.88,2245.82,59.18
2020-05-15,KASE,KASE_INDEX,2248.1,2265.87,2233.95,2265.86,178.92
2020-05-18,KASE,KASE_INDEX,2264.7,2277.8,2240.58,2270.5,152.78
2020-05-19,KASE,KASE_INDEX,2270.86,2290.95,2255.56,2283.26,185.39
2020-05-20,KASE,KASE_INDEX,2285.34,2295.56,2275.32,2290.99,216.11
2020-05-21,KASE,KASE_INDEX,2293.28,2317.38,2286.69,2300.49,277.48
2020-05-22,KASE,KASE_INDEX,2302.62,2306.8,2276.6,2293.95,93.79
2020-05-25,KASE,KASE_INDEX,2290.27,2294.95,2261.6,2279.31,56.45
2020-05-26,KASE,KASE_INDEX,2282.02,2299.41,2273.1,2286.33,106.66
2020-05-27,KASE,KASE_INDEX,2284.95,2304.04,2272.82,2304.04,90.11
2020-05-28,KASE,KASE_INDEX,2304.04,2318.35,2272.39,2314.56,860.44
2020-05-29,KASE,KASE_INDEX,2309.6,2328.09,2282.59,2324.92,429.73
2020-06-01,KASE,KASE_INDEX,2323.49,2337.12,2297.71,2323.48,574.96
2020-06-02,KASE,KASE_INDEX,2323.48,2329.56,2294.95,2325.75,203.2
2020-06-03,KASE,KASE_INDEX,2325.75,2335.5,2274.52,2310.31,539.96
2020-06-04,KASE,KASE_INDEX,2312.08,2337.45,2285.17,2311.62,207.89
2020-06-05,KASE,KASE_INDEX,2312.33,2329.45,2300.3,2323.36,1135.1
2020-06-08,KASE,KASE_INDEX,2323.59,2336.9,2298.79,2330.29,1078.38
2020-06-09,KASE,KASE_INDEX,2330.29,2334.49,2297.54,2310.35,1074.96
2020-06-10,KASE,KASE_INDEX,2310.35,2321.83,2259.71,2303.96,1676.14
2020-06-11,KASE,KASE_INDEX,2297.27,2314.26,2278.22,2306.08,1473.51
2020-06-12,KASE,KASE_INDEX,2306.81,2306.81,2269.75,2279.18,110.37
2020-06-15,KASE,KASE_INDEX,2279.18,2294.53,2246.66,2287.46,283.17
2020-06-16,KASE,KASE_INDEX,2287.46,2320.44,2282.03,2313.37,601.44
2020-06-17,KASE,KASE_INDEX,2310.63,2319.59,2299.96,2310.13,436.82
2020-06-18,KASE,KASE_INDEX,2310.09,2327.86,2296.81,2326.7,322.4
2020-06-19,KASE,KASE_INDEX,2323.37,2347.15,2322.13,2338.47,70.91
2020-06-22,KASE,KASE_INDEX,2338.46,2345.94,2322.59,2337.74,125.69
2020-06-23,KASE,KASE_INDEX,2338.13,2364.23,2329.11,2364.23,391.7
2020-06-24,KASE,KASE_INDEX,2363.53,2382.08,2349.83,2376.01,144.02
2020-06-25,KASE,KASE_INDEX,2372.93,2381.87,2354.66,2370.3,112.85
2020-06-26,KASE,KASE_INDEX,2370.3,2376.23,2340.42,2350.17,565.05
2020-06-29,KASE,KASE_INDEX,2350.06,2358.04,2328.49,2352.41,113.66
2020-06-30,KASE,KASE_INDEX,2352.41,2360.87,2336.33,2343.21,177.58
2020-07-01,KASE,KASE_INDEX,2344.07,2363.72,2333.69,2357.82,331.8
2020-07-02,KASE,KASE_INDEX,2357.83,2392.66,2346.08,2383.45,1286.36
2020-07-03,KASE,KASE_INDEX,2383.45,2389.47,2368.72,2376.04,1068.04
2020-07-07,KASE,KASE_INDEX,2376.79,2384.95,2356.94,2364.14,121.68
2020-07-08,KASE,KASE_INDEX,2364.14,2385.19,2346.95,2379.41,857.37
2020-07-09,KASE,KASE_INDEX,2377.06,2410.3,2367.66,2403.19,131.46
2020-07-10,KASE,KASE_INDEX,2403.19,2406.88,2337.11,2384.89,320.34
2020-07-13,KASE,KASE_INDEX,2387.08,2421.39,2381.3,2406.3,100.86
2020-07-14,KASE,KASE_INDEX,2406.37,2413.78,2388.23,2400.36,88.67
2020-07-15,KASE,KASE_INDEX,2400.36,2429.68,2393.34,2426.81,1403.62
2020-07-16,KASE,KASE_INDEX,2426.83,2431.7,2405.31,2425.84,154.05
2020-07-17,KASE,KASE_INDEX,2420.94,2446.72,2420.32,2438.37,163.84
2020-07-20,KASE,KASE_INDEX,2438.37,2440.59,2409.84,2429.0,215.55
2020-07-21,KASE,KASE_INDEX,2429.0,2431.52,2379.15,2428.73,252.22
2020-07-22,KASE,KASE_INDEX,2414.72,2431.71,2400.83,2417.18,83.44
2020-07-23,KASE,KASE_INDEX,2417.18,2442.16,2410.9,2430.11,303.07
2020-07-24,KASE,KASE_INDEX,2430.11,2439.14,2407.65,2408.16,232.31
2020-07-27,KASE,KASE_INDEX,2410.75,2437.98,2405.13,2419.57,25.94
2020-07-28,KASE,KASE_INDEX,2420.28,2446.54,2413.72,2422.62,298.67
2020-07-29,KASE,KASE_INDEX,2422.65,2442.65,2418.36,2432.37,64.55
2020-07-30,KASE,KASE_INDEX,2432.37,2452.62,2431.46,2445.81,41.49
2020-08-03,KASE,KASE_INDEX,2443.89,2443.92,2415.87,2419.55,16.11
2020-08-04,KASE,KASE_INDEX,2432.26,2464.44,2419.7,2434.31,108.73
2020-08-05,KASE,KASE_INDEX,2431.54,2456.43,2427.03,2440.81,86.1
2020-08-06,KASE,KASE_INDEX,2451.48,2469.52,2433.64,2448.7,76.61
2020-08-07,KASE,KASE_INDEX,2438.69,2447.51,2427.99,2440.47,54.9
2020-08-10,KASE,KASE_INDEX,2440.47,2448.35,2406.28,2413.08,77.77
2020-08-11,KASE,KASE_INDEX,2413.12,2442.83,2400.76,2435.65,177.87
2020-08-12,KASE,KASE_INDEX,2435.65,2442.51,2419.33,2427.45,39.9
2020-08-13,KASE,KASE_INDEX,2428.44,2450.6,2423.38,2434.04,107.4
2020-08-14,KASE,KASE_INDEX,2436.76,2439.93,2416.76,2427.03,39.0
2020-08-17,KASE,KASE_INDEX,2424.85,2446.43,2407.55,2428.16,2599.03
2020-08-18,KASE,KASE_INDEX,2440.67,2446.63,2418.42,2422.01,1637.87
2020-08-19,KASE,KASE_INDEX,2425.44,2449.2,2407.87,2449.2,4271.35
2020-08-20,KASE,KASE_INDEX,2446.89,2448.25,2423.62,2428.92,2012.97
2020-08-21,KASE,KASE_INDEX,2442.51,2454.5,2421.69,2431.42,1682.37
2020-08-24,KASE,KASE_INDEX,2431.53,2443.28,2413.89,2434.77,2094.43
2020-08-25,KASE,KASE_INDEX,2434.37,2443.54,2422.8,2430.44,173.6
2020-08-26,KASE,KASE_INDEX,2435.72,2446.19,2431.26,2441.09,1037.84
2020-08-27,KASE,KASE_INDEX,2441.09,2470.18,2441.09,2465.5,133.33
2020-08-28,KASE,KASE_INDEX,2466.12,2476.41,2447.19,2475.71,1427.53
2020-09-01,KASE,KASE_INDEX,2474.01,2490.94,2464.85,2484.97,157.38
2020-09-02,KASE,KASE_INDEX,2481.45,2502.4,2462.77,2499.06,809.8
2020-09-03,KASE,KASE_INDEX,2500.07,2505.06,2476.52,2492.75,1716.0
2020-09-04,KASE,KASE_INDEX,2491.31,2491.31,2453.25,2477.77,1551.53
2020-09-07,KASE,KASE_INDEX,2476.27,2481.74,2458.48,2461.74,819.86
2020-09-08,KASE,KASE_INDEX,2464.12,2485.03,2460.89,2477.67,177.76
2020-09-09,KASE,KASE_INDEX,2476.98,2481.14,2450.51,2459.98,3041.25
2020-09-10,KASE,KASE_INDEX,2458.63,2477.38,2450.54,2467.29,69.35
2020-09-11,KASE,KASE_INDEX,2467.29,2474.46,2454.18,2467.55,835.38
2020-09-14,KASE,KASE_INDEX,2469.13,2477.63,2451.96,2472.68,658.23
2020-09-15,KASE,KASE_INDEX,2472.74,2481.57,2451.55,2464.25,2825.37
2020-09-16,KASE,KASE_INDEX,2464.22,2482.43,2451.78,2480.99,65.34
2020-09-17,KASE,KASE_INDEX,2481.8,2488.8,2459.47,2470.05,833.39
2020-09-18,KASE,KASE_INDEX,2475.43,2487.34,2454.92,2474.99,33.35
2020-09-21,KASE,KASE_INDEX,2474.73,2488.72,2448.57,2463.1,39.68
2020-09-22,KASE,KASE_INDEX,2463.1,2485.25,2447.38,2460.44,47.49
2020-09-23,KASE,KASE_INDEX,2460.47,2473.34,2434.14,2455.3,16.78
2020-09-24,KASE,KASE_INDEX,2449.48,2461.23,2422.3,2435.47,98.28
2020-09-25,KASE,KASE_INDEX,2435.41,2445.45,2418.8,2431.72,72.49
2020-09-28,KASE,KASE_INDEX,2430.45,2437.89,2423.4,2429.49,49.25
2020-09-29,KASE,KASE_INDEX,2425.72,2440.27,2412.5,2425.07,21.22
2020-09-30,KASE,KASE_INDEX,2427.96,2436.79,2410.94,2425.16,20.3
2020-10-01,KASE,KASE_INDEX,2426.93,2442.27,2412.64,2416.38,13.84
2020-10-02,KASE,KASE_INDEX,2413.49,2425.54,2401.95,2412.14,680.41
2020-10-05,KASE,KASE_INDEX,2409.98,2424.07,2390.24,2414.38,327.15
2020-10-06,KASE,KASE_INDEX,2414.38,2419.78,2394.5,2403.32,1912.64
2020-10-07,KASE,KASE_INDEX,2403.35,2429.52,2397.72,2426.88,10.39
2020-10-08,KASE,KASE_INDEX,2425.45,2431.33,2412.02,2418.47,2362.53
2020-10-09,KASE,KASE_INDEX,2418.72,2439.58,2411.49,2437.9,423.61
2020-10-12,KASE,KASE_INDEX,2437.9,2439.42,2393.5,2421.76,58.04
2020-10-13,KASE,KASE_INDEX,2426.54,2438.08,2418.71,2427.21,21.56
2020-10-14,KASE,KASE_INDEX,2427.2,2435.96,2405.21,2423.79,2061.79
2020-10-15,KASE,KASE_INDEX,2427.44,2439.31,2415.93,2433.19,84.45
2020-10-16,KASE,KASE_INDEX,2434.71,2450.1,2423.95,2433.74,4021.67
2020-10-19,KASE,KASE_INDEX,2431.16,2462.05,2403.75,2431.56,743.32
2020-10-20,KASE,KASE_INDEX,2431.62,2450.46,2431.1,2449.01,107.58
2020-10-21,KASE,KASE_INDEX,2448.5,2456.07,2439.88,2454.3,207.7
2020-10-22,KASE,KASE_INDEX,2454.82,2462.81,2446.25,2459.78,238.08
2020-10-23,KASE,KASE_INDEX,2459.43,2476.18,2444.88,2460.38,81.36
2020-10-26,KASE,KASE_INDEX,2457.1,2466.59,2447.96,2448.24,33.02
2020-10-27,KASE,KASE_INDEX,2448.23,2452.8,2433.02,2433.87,388.32
2020-10-28,KASE,KASE_INDEX,2432.96,2479.25,2426.11,2464.31,116.64
2020-10-29,KASE,KASE_INDEX,2467.31,2477.25,2443.87,2467.4,96.39
2020-10-30,KASE,KASE_INDEX,2470.23,2471.31,2444.14,2456.93,131.45
2020-11-02,KASE,KASE_INDEX,2456.4,2465.39,2443.34,2454.55,93.62
2020-11-03,KASE,KASE_INDEX,2456.52,2492.6,2454.81,2472.16,276.1
2020-11-04,KASE,KASE_INDEX,2473.18,2496.23,2473.18,2488.0,150.0
2020-11-05,KASE,KASE_INDEX,2488.0,2493.38,2473.06,2483.64,265.24
2020-11-06,KASE,KASE_INDEX,2483.45,2496.86,2478.61,2490.73,59.52
2020-11-09,KASE,KASE_INDEX,2489.67,2496.73,2478.47,2495.29,68.5
2020-11-10,KASE,KASE_INDEX,2496.08,2522.31,2486.34,2512.7,82.73
2020-11-11,KASE,KASE_INDEX,2508.69,2518.25,2499.38,2500.35,2500.83
2020-11-12,KASE,KASE_INDEX,2500.3,2521.39,2499.81,2519.73,23.37
2020-11-13,KASE,KASE_INDEX,2516.06,2524.16,2506.89,2521.49,1480.52
2020-11-16,KASE,KASE_INDEX,2521.75,2533.67,2512.42,2518.06,40.46
2020-11-17,KASE,KASE_INDEX,2519.66,2547.99,2517.09,2540.16,107.13
2020-11-18,KASE,KASE_INDEX,2541.2,2561.72,2518.1,2554.55,7147.37
2020-11-19,KASE,KASE_INDEX,2554.55,2565.08,2544.8,2552.18,78.85
2020-11-20,KASE,KASE_INDEX,2552.18,2565.44,2544.04,2553.4,49.87
2020-11-23,KASE,KASE_INDEX,2553.32,2581.53,2553.32,2572.37,73.0
2020-11-24,KASE,KASE_INDEX,2572.37,2583.97,2561.98,2575.85,7147.85
2020-11-25,KASE,KASE_INDEX,2575.85,2585.5,2563.45,2568.72,350.54
2020-11-26,KASE,KASE_INDEX,2568.6,2584.05,2563.43,2572.89,1419.82
2020-11-27,KASE,KASE_INDEX,2573.13,2589.09,2570.5,2587.1,278.23
2020-11-30,KASE,KASE_INDEX,2586.99,2591.82,2564.21,2586.34,61.75
2020-12-02,KASE,KASE_INDEX,2586.34,2610.57,2580.28,2605.65,2297.35
2020-12-03,KASE,KASE_INDEX,2608.09,2623.01,2591.47,2622.4,8906.48
2020-12-04,KASE,KASE_INDEX,2622.26,2626.07,2603.67,2609.35,8262.91
2020-12-07,KASE,KASE_INDEX,2608.55,2618.17,2600.83,2611.8,83.23
2020-12-08,KASE,KASE_INDEX,2611.47,2642.85,2603.75,2629.21,97.56
2020-12-09,KASE,KASE_INDEX,2629.26,2640.81,2609.66,2622.14,110.86
2020-12-10,KASE,KASE_INDEX,2622.14,2628.69,2600.98,2606.38,67.11
2020-12-11,KASE,KASE_INDEX,2606.38,2631.25,2606.38,2616.86,56.54
2020-12-14,KASE,KASE_INDEX,2617.79,2626.64,2609.37,2621.36,69.24
2020-12-15,KASE,KASE_INDEX,2621.85,2630.04,2609.33,2618.76,84.61
2020-12-20,KASE,KASE_INDEX,2618.92,2640.77,2606.9,2610.21,75.01
2020-12-21,KASE,KASE_INDEX,2610.25,2642.96,2589.35,2617.81,139.89
2020-12-22,KASE,KASE_INDEX,2617.39,2621.65,2586.77,2599.29,100.38
2020-12-23,KASE,KASE_INDEX,2600.07,2626.09,2594.32,2618.1,155.22
2020-12-24,KASE,KASE_INDEX,2618.1,2635.47,2607.73,2635.47,61.49
2020-12-25,KASE,KASE_INDEX,2635.47,2653.15,2621.53,2643.8,67.59
2020-12-28,KASE,KASE_INDEX,2639.21,2657.94,2633.09,2647.67,36.94
2020-12-29,KASE,KASE_INDEX,2647.71,2667.4,2641.18,2663.96,1402.99
2020-12-30,KASE,KASE_INDEX,2662.55,2686.14,2654.78,2678.37,58.14
2020-12-31,KASE,KASE_INDEX,2678.25,2689.91,2666.86,2675.58,64.22
2021-01-05,KASE,KASE_INDEX,2675.59,2721.84,2670.95,2711.65,162.86
2021-01-06,KASE,KASE_INDEX,2711.65,2730.17,2697.01,2718.29,94.11
2021-01-08,KASE,KASE_INDEX,2718.93,2813.3,2718.93,2781.36,104.62
2021-01-11,KASE,KASE_INDEX,2781.39,2809.45,2779.59,2793.58,74.09
2021-01-12,KASE,KASE_INDEX,2793.58,2818.66,2778.36,2812.93,50.22
2021-01-13,KASE,KASE_INDEX,2812.96,2817.31,2789.35,2804.77,583.95
2021-01-14,KASE,KASE_INDEX,2803.89,2860.32,2803.89,2857.71,173.67
2021-01-15,KASE,KASE_INDEX,2858.01,2872.44,2844.74,2849.54,249.81
2021-01-18,KASE,KASE_INDEX,2848.22,2853.39,2823.23,2832.16,76.16
2021-01-19,KASE,KASE_INDEX,2831.64,2832.54,2785.58,2815.12,899.35
2021-01-20,KASE,KASE_INDEX,2815.08,2847.48,2782.16,2796.72,142.17
2021-01-21,KASE,KASE_INDEX,2797.34,2840.64,2797.02,2818.87,118.6
2021-01-22,KASE,KASE_INDEX,2818.67,2832.79,2796.34,2813.86,72.52
2021-01-25,KASE,KASE_INDEX,2814.33,2826.1,2793.06,2817.99,97.39
2021-01-26,KASE,KASE_INDEX,2817.99,2825.11,2784.77,2796.75,74.34
2021-01-27,KASE,KASE_INDEX,2796.75,2833.33,2787.86,2811.98,241.88
2021-01-28,KASE,KASE_INDEX,2811.98,2830.54,2775.83,2793.99,55.11
2021-01-29,KASE,KASE_INDEX,2794.0,2801.9,2775.71,2799.92,62.08
2021-02-01,KASE,KASE_INDEX,2800.62,2805.53,2782.16,2791.22,40.19
2021-02-02,KASE,KASE_INDEX,2791.22,2816.15,2782.37,2811.98,624.48
2021-02-03,KASE,KASE_INDEX,2812.37,2828.36,2776.45,2797.93,181.52
2021-02-04,KASE,KASE_INDEX,2798.12,2833.17,2789.8,2816.92,68.31
2021-02-05,KASE,KASE_INDEX,2819.68,2865.21,2810.44,2857.78,145.76
2021-02-08,KASE,KASE_INDEX,2857.78,2874.16,2815.41,2862.59,307.66
2021-02-09,KASE,KASE_INDEX,2862.59,2876.23,2811.28,2844.72,118.82
2021-02-10,KASE,KASE_INDEX,2847.48,2870.57,2828.99,2848.87,77.01
2021-02-11,KASE,KASE_INDEX,2847.99,2860.5,2830.57,2858.86,140.18
2021-02-12,KASE,KASE_INDEX,2858.86,2874.44,2845.42,2858.41,61.17
2021-02-15,KASE,KASE_INDEX,2858.41,2895.24,2841.16,2888.7,2236.41
2021-02-16,KASE,KASE_INDEX,2888.44,2955.19,2888.41,2946.07,176.75
2021-02-17,KASE,KASE_INDEX,2946.07,2989.64,2940.73,2984.72,84.05
2021-02-18,KASE,KASE_INDEX,2984.64,2995.5,2966.51,2977.46,140.58
2021-02-19,KASE,KASE_INDEX,2977.59,2977.59,2928.85,2956.63,237.33
2021-02-22,KASE,KASE_INDEX,2961.16,2988.89,2948.35,2962.75,550.55
2021-02-23,KASE,KASE_INDEX,2962.75,3000.45,2962.75,2972.33,156.64
2021-02-24,KASE,KASE_INDEX,2972.33,2986.7,2962.23,2973.63,257.09
2021-02-25,KASE,KASE_INDEX,2973.7,2986.35,2950.78,2964.2,113.37
2021-02-26,KASE,KASE_INDEX,2965.68,2981.49,2935.83,2957.76,51.9
2021-03-01,KASE,KASE_INDEX,2957.76,2965.85,2933.01,2964.58,90.77
2021-03-02,KASE,KASE_INDEX,2963.73,2981.52,2950.2,2965.89,202.49
2021-03-03,KASE,KASE_INDEX,2965.58,2977.16,2944.04,2958.17,269.17
2021-03-04,KASE,KASE_INDEX,2958.67,2970.96,2941.67,2954.8,228.71
2021-03-05,KASE,KASE_INDEX,2952.96,2955.51,2923.44,2939.33,153.8
2021-03-09,KASE,KASE_INDEX,2939.33,2956.66,2910.96,2949.51,265.77
2021-03-10,KASE,KASE_INDEX,2949.5,2970.38,2934.34,2962.07,88.75
2021-03-11,KASE,KASE_INDEX,2962.07,2972.54,2937.46,2960.91,140.76
2021-03-12,KASE,KASE_INDEX,2962.82,2972.0,2919.68,2963.03,167.21
2021-03-15,KASE,KASE_INDEX,2967.17,2991.48,2959.08,2987.73,189.91
2021-03-16,KASE,KASE_INDEX,2988.3,3019.0,2975.92,3011.3,374.66
2021-03-17,KASE,KASE_INDEX,3013.6,3023.72,3001.59,3019.6,135.38
2021-03-18,KASE,KASE_INDEX,3020.09,3066.9,3009.75,3052.26,141.77
2021-03-19,KASE,KASE_INDEX,3051.95,3104.98,3051.46,3092.38,787.96
2021-03-25,KASE,KASE_INDEX,3087.93,3090.85,3045.89,3062.01,247.65
2021-03-26,KASE,KASE_INDEX,3061.33,3099.65,3050.05,3073.84,240.4
2021-03-29,KASE,KASE_INDEX,3073.84,3103.29,3061.05,3097.92,231.18
2021-03-30,KASE,KASE_INDEX,3097.92,3111.14,3091.09,3099.17,916.15
2021-03-31,KASE,KASE_INDEX,3099.17,3116.79,3095.26,3112.32,143.05
2021-04-01,KASE,KASE_INDEX,3111.67,3136.5,3098.69,3133.31,51.91
2021-04-02,KASE,KASE_INDEX,3133.31,3153.85,3130.27,3143.78,102.45
2021-04-05,KASE,KASE_INDEX,3143.78,3151.7,3128.4,3145.71,732.44
2021-04-06,KASE,KASE_INDEX,3143.5,3198.11,3143.5,3191.95,110.65
2021-04-07,KASE,KASE_INDEX,3193.43,3228.07,3193.43,3212.33,217.14
2021-04-08,KASE,KASE_INDEX,3211.8,3226.51,3209.24,3214.83,117.93
2021-04-09,KASE,KASE_INDEX,3214.83,3283.31,3209.8,3260.79,499.8
2021-04-12,KASE,KASE_INDEX,3261.07,3312.88,3244.86,3311.51,124.53
2021-04-13,KASE,KASE_INDEX,3311.51,3322.37,3228.98,3280.94,115.94
2021-04-14,KASE,KASE_INDEX,3274.41,3316.35,3228.7,3228.83,534.21
2021-04-15,KASE,KASE_INDEX,3228.83,3290.61,3228.83,3256.15,90.55
2021-04-16,KASE,KASE_INDEX,3256.38,3298.05,3208.7,3257.53,91.72
2021-04-19,KASE,KASE_INDEX,3257.53,3279.44,3142.36,3245.2,132.24
2021-04-20,KASE,KASE_INDEX,3245.22,3256.83,3198.16,3235.33,327.47
2021-04-21,KASE,KASE_INDEX,3235.33,3265.39,3212.8,3227.52,244.25
2021-04-22,KASE,KASE_INDEX,3227.52,3250.9,3118.88,3195.45,447.46
2021-04-23,KASE,KASE_INDEX,3197.51,3247.21,3161.72,3235.74,154.5
2021-04-26,KASE,KASE_INDEX,3238.85,3289.16,3120.54,3230.13,56.2
2021-04-27,KASE,KASE_INDEX,3230.0,3261.09,3230.0,3245.46,74.14
2021-04-28,KASE,KASE_INDEX,3245.46,3261.99,3207.37,3241.01,129.63
2021-04-29,KASE,KASE_INDEX,3241.01,3262.4,3203.47,3245.15,501.37
2021-04-30,KASE,KASE_INDEX,3245.97,3250.67,3202.59,3242.81,137.8
2021-05-04,KASE,KASE_INDEX,3245.6,3267.94,3208.37,3253.96,105.94
2021-05-05,KASE,KASE_INDEX,3254.06,3257.47,3226.67,3247.94,239.66
2021-05-06,KASE,KASE_INDEX,3248.68,3264.53,3238.8,3262.19,141.0
2021-05-11,KASE,KASE_INDEX,3262.19,3302.23,3259.07,3296.93,263.44
2021-05-12,KASE,KASE_INDEX,3296.93,3318.92,3286.68,3312.28,217.98
2021-05-13,KASE,KASE_INDEX,3312.28,3333.05,3294.87,3294.87,80.12
2021-05-14,KASE,KASE_INDEX,3294.87,3315.03,3282.81,3299.92,107.28
2021-05-17,KASE,KASE_INDEX,3299.91,3324.63,3292.69,3322.75,71.17
2021-05-18,KASE,KASE_INDEX,3302.98,3361.54,3302.98,3350.01,150.76
2021-05-19,KASE,KASE_INDEX,3349.52,3363.53,3336.75,3355.51,180.17
2021-05-20,KASE,KASE_INDEX,3355.51,3364.11,3347.67,3351.21,111.22
2021-05-21,KASE,KASE_INDEX,3351.21,3367.63,3345.1,3361.77,165.23
2021-05-24,KASE,KASE_INDEX,3365.01,3368.32,3344.51,3364.6,199.88
2021-05-25,KASE,KASE_INDEX,3363.99,3374.9,3348.95,3362.12,143.67
2021-05-26,KASE,KASE_INDEX,3362.12,3370.58,3344.46,3358.52,155.43
2021-05-27,KASE,KASE_INDEX,3358.52,3374.92,3328.74,3353.61,90.66
2021-05-28,KASE,KASE_INDEX,3358.42,3378.14,3346.82,3373.0,196.39
2021-05-31,KASE,KASE_INDEX,3372.46,3392.64,3361.34,3381.66,58.75
2021-06-01,KASE,KASE_INDEX,3382.51,3398.03,3360.18,3364.66,62.95
2021-06-02,KASE,KASE_INDEX,3364.22,3384.75,3360.95,3378.25,143.4
2021-06-03,KASE,KASE_INDEX,3378.25,3406.32,3374.06,3400.74,99.75
2021-06-04,KASE,KASE_INDEX,3401.68,3418.99,3398.71,3413.23,58.39
2021-06-07,KASE,KASE_INDEX,3413.54,3426.07,3394.13,3421.27,126.79
2021-06-08,KASE,KASE_INDEX,3421.26,3421.26,3399.95,3419.21,256.28
2021-06-09,KASE,KASE_INDEX,3369.62,3381.07,3267.02,3360.48,332.47
2021-06-10,KASE,KASE_INDEX,3363.56,3396.9,3353.05,3388.13,441.75
2021-06-11,KASE,KASE_INDEX,3388.69,3396.97,3300.09,3369.82,338.59
2021-06-14,KASE,KASE_INDEX,3373.89,3375.72,3345.21,3348.24,88.47
2021-06-15,KASE,KASE_INDEX,3351.23,3359.67,3330.37,3343.53,67.33
2021-06-16,KASE,KASE_INDEX,3343.53,3356.42,3333.64,3353.32,731.8
2021-06-17,KASE,KASE_INDEX,3353.94,3368.5,3342.17,3357.86,223.75
2021-06-18,KASE,KASE_INDEX,3358.42,3360.03,3329.3,3349.13,41.96
2021-06-21,KASE,KASE_INDEX,3349.13,3357.9,3314.22,3342.85,145.12
2021-06-22,KASE,KASE_INDEX,3342.85,3365.84,3340.16,3356.79,63.88
2021-06-23,KASE,KASE_INDEX,3358.37,3363.37,3320.49,3340.21,279.41
2021-06-24,KASE,KASE_INDEX,3339.37,3357.62,3333.04,3348.78,219.89
2021-06-25,KASE,KASE_INDEX,3348.78,3370.11,3328.41,3329.27,82.21
2021-06-28,KASE,KASE_INDEX,3329.27,3370.39,3315.93,3348.39,305.55
2021-06-29,KASE,KASE_INDEX,3348.57,3373.37,3336.21,3342.63,65.77
2021-06-30,KASE,KASE_INDEX,3342.63,3369.25,3332.56,3344.07,38.28
2021-07-01,KASE,KASE_INDEX,3338.37,3356.97,3300.74,3300.79,124.23
2021-07-02,KASE,KASE_INDEX,3300.79,3340.39,3289.62,3326.2,1737.2
2021-07-03,KASE,KASE_INDEX,3326.2,3342.16,3301.16,3313.99,12.9
2021-07-07,KASE,KASE_INDEX,3313.99,3331.3,3272.55,3295.75,122.69
2021-07-08,KASE,KASE_INDEX,3295.75,3313.88,3259.85,3278.51,552.28
2021-07-09,KASE,KASE_INDEX,3287.59,3287.59,3244.17,3263.95,1011.52
2021-07-12,KASE,KASE_INDEX,3263.95,3264.62,3186.36,3188.38,1686.42
2021-07-13,KASE,KASE_INDEX,3188.38,3236.36,3184.02,3200.84,240.86
2021-07-14,KASE,KASE_INDEX,3200.94,3234.27,3186.98,3190.24,369.0
2021-07-15,KASE,KASE_INDEX,3192.37,3213.08,3157.85,3175.38,176.57
2021-07-16,KASE,KASE_INDEX,3175.38,3210.41,3172.92,3193.04,61.52
2021-07-19,KASE,KASE_INDEX,3193.04,3205.86,3174.28,3174.28,846.99
2021-07-21,KASE,KASE_INDEX,3174.28,3196.06,3137.12,3148.05,675.75
2021-07-22,KASE,KASE_INDEX,3151.32,3182.45,3126.3,3137.8,135.92
2021-07-23,KASE,KASE_INDEX,3137.8,3153.92,3098.07,3115.36,219.29
2021-07-26,KASE,KASE_INDEX,3115.36,3138.64,3071.38,3105.0,67.91
2021-07-27,KASE,KASE_INDEX,3105.0,3136.76,3068.97,3078.13,59.26
2021-07-28,KASE,KASE_INDEX,3077.73,3117.64,3060.21,3082.3,69.35
2021-07-29,KASE,KASE_INDEX,3082.3,3127.11,3082.3,3100.03,43.46
2021-07-30,KASE,KASE_INDEX,3100.03,3126.66,3086.66,3086.66,43.01
2021-08-02,KASE,KASE_INDEX,3086.66,3108.45,3073.9,3075.98,51.41
2021-08-03,KASE,KASE_INDEX,3079.43,3092.58,3072.6,3082.31,142.81
2021-08-04,KASE,KASE_INDEX,3082.31,3104.66,3056.67,3078.44,246.76
2021-08-05,KASE,KASE_INDEX,3078.44,3092.68,3063.62,3072.78,256.3
2021-08-06,KASE,KASE_INDEX,3070.86,3099.75,3068.76,3090.3,689.69
2021-08-09,KASE,KASE_INDEX,3091.2,3098.48,3055.64,3066.35,99.01
2021-08-10,KASE,KASE_INDEX,3064.96,3074.03,3035.26,3035.26,92.83
2021-08-11,KASE,KASE_INDEX,3035.26,3056.45,3028.47,3034.19,47.41
2021-08-12,KASE,KASE_INDEX,3034.61,3091.43,3034.61,3085.41,299.67
2021-08-13,KASE,KASE_INDEX,3082.42,3135.06,3069.03,3106.04,401.28
2021-08-16,KASE,KASE_INDEX,3106.04,3147.33,3096.41,3111.54,182.92
2021-08-17,KASE,KASE_INDEX,3111.54,3132.74,3085.92,3088.75,120.96
2021-08-18,KASE,KASE_INDEX,3088.75,3114.12,3080.12,3099.31,150.86
2021-08-19,KASE,KASE_INDEX,3099.31,3108.28,3042.37,3042.37,114.2
2021-08-20,KASE,KASE_INDEX,3042.63,3080.63,3014.09,3034.28,946.23
2021-08-23,KASE,KASE_INDEX,3032.86,3071.95,3026.34,3038.25,742.59
2021-08-24,KASE,KASE_INDEX,3051.48,3088.73,3046.53,3076.12,170.74
2021-08-25,KASE,KASE_INDEX,3079.2,3101.06,3067.2,3092.63,526.09
2021-08-26,KASE,KASE_INDEX,3092.63,3113.27,3085.82,3112.38,346.23
2021-08-27,KASE,KASE_INDEX,3112.38,3140.81,3108.01,3136.53,391.76
2021-08-31,KASE,KASE_INDEX,3136.53,3182.71,3120.09,3172.45,143.44
2021-09-01,KASE,KASE_INDEX,3169.67,3190.5,3164.34,3184.3,370.51
2021-09-02,KASE,KASE_INDEX,3184.3,3225.89,3184.3,3216.03,369.22
2021-09-03,KASE,KASE_INDEX,3225.61,3274.8,3225.61,3260.76,120.91
2021-09-06,KASE,KASE_INDEX,3259.77,3301.5,3259.77,3267.63,210.71
2021-09-07,KASE,KASE_INDEX,3270.65,3293.18,3262.94,3278.15,113.36
2021-09-08,KASE,KASE_INDEX,3278.12,3312.81,3261.79,3287.41,134.46
2021-09-09,KASE,KASE_INDEX,3287.46,3298.81,3273.43,3297.96,198.93
2021-09-10,KASE,KASE_INDEX,3298.56,3320.13,3272.74,3279.21,286.24
2021-09-13,KASE,KASE_INDEX,3282.22,3375.49,3272.32,3358.64,163.44
2021-09-14,KASE,KASE_INDEX,3361.22,3390.42,3357.99,3370.6,78.5
2021-09-15,KASE,KASE_INDEX,3371.45,3409.18,3356.88,3405.43,195.61
2021-09-16,KASE,KASE_INDEX,3403.41,3470.44,3402.2,3442.03,247.53
2021-09-17,KASE,KASE_INDEX,3442.03,3460.67,3405.46,3434.28,810.48
2021-09-20,KASE,KASE_INDEX,3434.28,3438.6,3336.36,3374.43,292.02
2021-09-21,KASE,KASE_INDEX,3374.43,3450.47,3322.74,3386.07,247.32
2021-09-22,KASE,KASE_INDEX,3385.97,3420.63,3377.59,3394.81,67.51
2021-09-23,KASE,KASE_INDEX,3393.57,3428.23,3377.21,3385.46,83.54
2021-09-24,KASE,KASE_INDEX,3385.46,3413.97,3373.81,3375.98,89.32
2021-09-27,KASE,KASE_INDEX,3383.05,3388.43,3355.29,3382.73,58.02
2021-09-28,KASE,KASE_INDEX,3382.73,3393.88,3322.6,3333.91,5109.85
2021-09-29,KASE,KASE_INDEX,3344.72,3393.54,3319.68,3371.76,4710.6
2021-09-30,KASE,KASE_INDEX,3371.76,3390.08,3330.15,3383.68,69505.95
2021-10-01,KASE,KASE_INDEX,3384.66,3426.86,3384.66,3412.31,121.14
2021-10-04,KASE,KASE_INDEX,3412.31,3425.4,3343.79,3391.11,914.69
2021-10-05,KASE,KASE_INDEX,3389.56,3411.84,3384.78,3411.84,50.53
2021-10-06,KASE,KASE_INDEX,3410.53,3415.58,3387.18,3399.94,38.63
2021-10-07,KASE,KASE_INDEX,3399.93,3429.26,3399.46,3418.0,99.52
2021-10-08,KASE,KASE_INDEX,3420.3,3451.1,3420.3,3446.21,55.29
2021-10-11,KASE,KASE_INDEX,3446.21,3459.68,3428.28,3442.84,80.05
2021-10-12,KASE,KASE_INDEX,3442.64,3495.01,3431.37,3487.72,215.87
2021-10-13,KASE,KASE_INDEX,3508.38,3572.04,3508.38,3571.37,162.43
2021-10-14,KASE,KASE_INDEX,3571.37,3685.99,3571.26,3643.54,292.17
2021-10-15,KASE,KASE_INDEX,3643.37,3664.37,3636.53,3646.15,100.43
2021-10-18,KASE,KASE_INDEX,3646.42,3710.66,3635.92,3703.75,160.35
2021-10-19,KASE,KASE_INDEX,3705.79,3867.16,3695.51,3702.98,180.65
2021-10-20,KASE,KASE_INDEX,3701.65,3776.38,3701.65,3712.42,131.54
2021-10-21,KASE,KASE_INDEX,3712.39,3734.52,3710.71,3712.86,60.99
2021-10-22,KASE,KASE_INDEX,3712.86,3741.1,3697.68,3738.14,166.18
2021-10-25,KASE,KASE_INDEX,3737.85,3746.74,3717.03,3736.59,93.87
2021-10-26,KASE,KASE_INDEX,3736.65,3775.66,3736.65,3765.0,292.12
2021-10-27,KASE,KASE_INDEX,3765.73,3775.43,3719.33,3762.39,111.51
2021-10-28,KASE,KASE_INDEX,3762.4,3780.7,3735.12,3752.61,76.83
2021-10-29,KASE,KASE_INDEX,3752.35,3770.05,3741.77,3751.85,173.52
2021-11-01,KASE,KASE_INDEX,3751.85,3773.92,3672.41,3717.77,113.1
2021-11-02,KASE,KASE_INDEX,3725.93,3748.5,3686.3,3686.3,251.06
2021-11-03,KASE,KASE_INDEX,3686.3,3731.27,3653.94,3698.36,294.07
2021-11-04,KASE,KASE_INDEX,3692.75,3748.73,3692.75,3748.27,281.02
2021-11-05,KASE,KASE_INDEX,3748.29,3763.67,3725.14,3746.35,224.7
2021-11-08,KASE,KASE_INDEX,3746.35,3777.84,3740.38,3761.78,141.55
2021-11-09,KASE,KASE_INDEX,3763.78,3784.08,3757.14,3777.27,115.74
2021-11-10,KASE,KASE_INDEX,3777.27,3792.53,3768.64,3777.64,87.99
2021-11-11,KASE,KASE_INDEX,3777.65,3790.35,3762.96,3765.18,117.38
2021-11-12,KASE,KASE_INDEX,3765.18,3795.69,3765.18,3790.08,92.24
2021-11-15,KASE,KASE_INDEX,3784.45,3807.37,3762.6,3806.33,87.71
2021-11-16,KASE,KASE_INDEX,3801.02,3814.1,3785.49,3797.55,145.6
2021-11-17,KASE,KASE_INDEX,3797.55,3816.59,3753.72,3789.44,120.19
2021-11-18,KASE,KASE_INDEX,3789.44,3823.91,3785.56,3810.7,69.96
2021-11-19,KASE,KASE_INDEX,3810.31,3824.58,3743.61,3754.57,109.79
2021-11-22,KASE,KASE_INDEX,3757.38,3786.17,3714.12,3714.12,99.33
2021-11-23,KASE,KASE_INDEX,3712.8,3728.22,3668.01,3702.97,101.6
2021-11-24,KASE,KASE_INDEX,3703.25,3734.54,3691.72,3715.82,108.88
2021-11-25,KASE,KASE_INDEX,3715.82,3753.04,3714.24,3727.85,55.45
2021-11-26,KASE,KASE_INDEX,3725.04,3735.57,3677.34,3697.76,127.3
2021-11-29,KASE,KASE_INDEX,3695.79,3759.38,3645.63,3708.09,102.1
2021-11-30,KASE,KASE_INDEX,3708.09,3715.24,3677.63,3684.07,66.59
2021-12-02,KASE,KASE_INDEX,3684.07,3694.18,3648.98,3679.12,81.53
2021-12-03,KASE,KASE_INDEX,3683.9,3716.44,3674.71,3695.37,63.68
2021-12-06,KASE,KASE_INDEX,3695.37,3697.33,3615.49,3615.49,81.05
2021-12-07,KASE,KASE_INDEX,3615.75,3693.42,3615.75,3667.66,58.79
2021-12-08,KASE,KASE_INDEX,3671.51,3706.24,3650.29,3651.4,72.01
2021-12-09,KASE,KASE_INDEX,3650.44,3676.32,3627.73,3639.12,366.26
2021-12-10,KASE,KASE_INDEX,3639.12,3667.94,3631.5,3648.0,127427.99
2021-12-13,KASE,KASE_INDEX,3648.0,3690.09,3607.17,3660.82,47.35
2021-12-14,KASE,KASE_INDEX,3660.82,3660.82,3572.64,3621.57,923.52
2021-12-15,KASE,KASE_INDEX,3621.57,3654.77,3604.34,3610.77,22.79
2021-12-20,KASE,KASE_INDEX,3610.77,3631.42,3584.16,3590.7,614.51
2021-12-21,KASE,KASE_INDEX,3591.22,3609.88,3560.26,3605.73,110.47
2021-12-22,KASE,KASE_INDEX,3599.06,3629.78,3587.84,3629.78,33.47
2021-12-23,KASE,KASE_INDEX,3629.45,3658.29,3609.16,3655.08,150.7
2021-12-24,KASE,KASE_INDEX,3655.1,3668.6,3637.59,3659.85,33.78
2021-12-27,KASE,KASE_INDEX,3659.65,3675.11,3651.61,3674.26,78.85
2021-12-28,KASE,KASE_INDEX,3675.61,3714.49,3668.62,3677.39,56.37
2021-12-29,KASE,KASE_INDEX,3673.18,3690.69,3661.24,3678.92,149.74
2021-12-30,KASE,KASE_INDEX,3679.81,3691.25,3656.6,3675.38,154.77
2021-12-31,KASE,KASE_INDEX,3675.38,3683.74,3651.77,3675.28,28.29
2022-01-05,KASE,KASE_INDEX,3673.17,3687.6,3565.02,3583.74,71.19
2022-01-11,KASE,KASE_INDEX,3584.03,3644.78,3568.66,3626.92,50.67
2022-01-12,KASE,KASE_INDEX,3633.63,3636.74,3580.22,3598.79,59.62
2022-01-13,KASE,KASE_INDEX,3598.8,3644.36,3577.72,3600.32,75.64
2022-01-14,KASE,KASE_INDEX,3600.32,3621.21,3562.18,3568.02,93.87
2022-01-17,KASE,KASE_INDEX,3568.02,3573.49,3455.95,3461.87,128.39
2022-01-18,KASE,KASE_INDEX,3461.87,3510.52,3461.87,3481.12,99.1
2022-01-19,KASE,KASE_INDEX,3473.95,3483.51,3447.65,3461.78,1090.16
2022-01-20,KASE,KASE_INDEX,3464.15,3516.68,3457.91,3481.2,74.21
2022-01-21,KASE,KASE_INDEX,3481.46,3491.93,3447.83,3488.04,857.06
2022-01-24,KASE,KASE_INDEX,3492.54,3494.42,3417.61,3440.64,181.27
2022-01-25,KASE,KASE_INDEX,3440.21,3440.21,3367.93,3433.1,829.23
2022-01-26,KASE,KASE_INDEX,3433.1,3455.48,3397.21,3455.01,671.18
2022-01-27,KASE,KASE_INDEX,3454.23,3507.4,3425.57,3507.4,1877.67
2022-01-28,KASE,KASE_INDEX,3507.4,3553.76,3491.54,3523.62,398.03
2022-01-31,KASE,KASE_INDEX,3523.62,3553.85,3495.21,3549.26,207.92
2022-02-01,KASE,KASE_INDEX,3549.26,3554.1,3491.89,3491.89,154.48
2022-02-02,KASE,KASE_INDEX,3491.89,3554.28,3488.92,3497.76,84.1
2022-02-03,KASE,KASE_INDEX,3497.76,3516.37,3487.33,3513.86,89.08
2022-02-04,KASE,KASE_INDEX,3513.86,3523.59,3491.82,3515.29,46.46
2022-02-07,KASE,KASE_INDEX,3518.03,3520.57,3468.82,3513.14,29.34
2022-02-08,KASE,KASE_INDEX,3514.05,3544.19,3489.74,3530.94,128.58
2022-02-09,KASE,KASE_INDEX,3530.94,3568.88,3520.92,3549.59,130.94
2022-02-10,KASE,KASE_INDEX,3550.04,3622.86,3550.04,3582.25,58.2
2022-02-11,KASE,KASE_INDEX,3582.25,3599.49,3547.85,3570.87,74.87
2022-02-14,KASE,KASE_INDEX,3569.97,3572.06,3527.92,3537.35,57.48
2022-02-15,KASE,KASE_INDEX,3537.24,3561.37,3518.22,3543.1,83.82
2022-02-16,KASE,KASE_INDEX,3539.99,3585.49,3539.26,3556.59,94.32
2022-02-17,KASE,KASE_INDEX,3554.71,3557.61,3527.75,3542.45,80.36
2022-02-18,KASE,KASE_INDEX,3543.03,3560.96,3525.94,3548.3,57.45
2022-02-21,KASE,KASE_INDEX,3548.3,3556.54,3490.96,3520.27,69.46
2022-02-22,KASE,KASE_INDEX,3515.4,3515.4,3408.05,3436.34,150.81
2022-02-23,KASE,KASE_INDEX,3436.34,3484.04,3421.4,3478.38,131.06
2022-02-24,KASE,KASE_INDEX,3478.38,3478.38,3287.77,3386.14,4182.5
2022-02-25,KASE,KASE_INDEX,3393.3,3455.77,3343.52,3453.42,304.9
2022-02-28,KASE,KASE_INDEX,3453.42,3453.42,3335.08,3361.98,161.85
2022-03-01,KASE,KASE_INDEX,3361.92,3428.98,3343.7,3390.31,115.73
2022-03-02,KASE,KASE_INDEX,3379.21,3379.21,3278.92,3291.56,144.53
2022-03-03,KASE,KASE_INDEX,3291.56,3297.16,3117.35,3202.65,228.69
2022-03-04,KASE,KASE_INDEX,3202.75,3214.91,3112.05,3171.73,204.86
2022-03-05,KASE,KASE_INDEX,3171.73,3202.66,3145.39,3202.66,88.14
2022-03-09,KASE,KASE_INDEX,2969.49,3346.4,2969.32,3334.96,106.59
2022-03-10,KASE,KASE_INDEX,3192.56,3428.38,3191.53,3393.02,140.89
2022-03-11,KASE,KASE_INDEX,3386.16,3412.71,3357.29,3377.47,55.38
2022-03-14,KASE,KASE_INDEX,3375.66,3378.55,3330.67,3357.37,101.23
2022-03-15,KASE,KASE_INDEX,3357.66,3381.02,3335.69,3358.4,177.71
2022-03-16,KASE,KASE_INDEX,3357.53,3363.19,3304.9,3336.7,274.97
2022-03-17,KASE,KASE_INDEX,3336.7,3361.16,3289.99,3346.83,218.96
2022-03-18,KASE,KASE_INDEX,3346.87,3378.64,3346.87,3372.76,2952.35
2022-03-24,KASE,KASE_INDEX,3355.81,3356.97,3323.1,3339.66,3231.86
2022-03-25,KASE,KASE_INDEX,3339.19,3362.8,3304.87,3317.86,1161.74
2022-03-28,KASE,KASE_INDEX,3317.87,3368.36,3309.87,3354.94,80.95
2022-03-29,KASE,KASE_INDEX,3355.11,3359.21,3317.32,3348.83,157.82
2022-03-30,KASE,KASE_INDEX,3348.83,3381.45,3321.46,3344.05,100.4
2022-03-31,KASE,KASE_INDEX,3340.69,3359.47,3331.28,3348.63,94.19
2022-04-01,KASE,KASE_INDEX,3343.89,3363.42,3328.32,3347.71,70.18
2022-04-04,KASE,KASE_INDEX,3347.71,3351.51,3314.32,3330.49,61.09
2022-04-05,KASE,KASE_INDEX,3328.27,3336.32,3304.12,3319.85,41.36
2022-04-06,KASE,KASE_INDEX,3319.1,3335.45,3242.78,3263.23,280.81
2022-04-07,KASE,KASE_INDEX,3244.4,3250.06,3195.66,3206.19,331.39
2022-04-08,KASE,KASE_INDEX,3206.8,3253.94,3185.67,3223.94,168.39
2022-04-11,KASE,KASE_INDEX,3251.59,3253.23,3177.77,3177.77,205.36
2022-04-12,KASE,KASE_INDEX,3181.38,3195.24,3147.37,3173.09,297.29
2022-04-13,KASE,KASE_INDEX,3173.09,3190.22,3134.68,3151.14,157.02
2022-04-14,KASE,KASE_INDEX,3157.42,3205.54,3156.28,3195.74,132.22
2022-04-15,KASE,KASE_INDEX,3195.74,3214.29,3167.05,3173.73,103.77
2022-04-18,KASE,KASE_INDEX,3166.96,3190.29,3119.69,3159.51,99.49
2022-04-19,KASE,KASE_INDEX,3160.27,3165.32,3126.22,3163.75,77.4
2022-04-20,KASE,KASE_INDEX,3163.75,3173.7,3149.97,3149.97,80.96
2022-04-21,KASE,KASE_INDEX,3149.97,3170.13,3144.63,3170.13,51.78
2022-04-22,KASE,KASE_INDEX,3170.13,3170.13,3109.49,3144.83,87.16
2022-04-25,KASE,KASE_INDEX,3142.11,3142.11,3043.98,3070.59,108.47
2022-04-26,KASE,KASE_INDEX,3073.85,3089.41,3043.42,3070.07,212.95
2022-04-27,KASE,KASE_INDEX,3070.07,3081.31,3024.52,3043.94,74.1
2022-04-28,KASE,KASE_INDEX,3043.94,3047.59,3014.68,3034.89,69.6
2022-04-29,KASE,KASE_INDEX,3034.89,3036.2,3018.87,3033.48,52.57
2022-05-03,KASE,KASE_INDEX,3033.12,3033.12,2979.68,2993.86,104.49
2022-05-04,KASE,KASE_INDEX,2994.3,2994.3,2941.99,2945.24,68.2
2022-05-05,KASE,KASE_INDEX,2956.51,2960.74,2895.8,2928.3,770.98
2022-05-06,KASE,KASE_INDEX,2928.3,2928.3,2893.87,2901.0,29.22
2022-05-11,KASE,KASE_INDEX,2900.96,2907.38,2769.37,2796.84,148.73
2022-05-12,KASE,KASE_INDEX,2796.57,2798.75,2767.68,2795.33,93.34
2022-05-13,KASE,KASE_INDEX,2795.33,2795.33,2748.93,2765.51,114.66
2022-05-16,KASE,KASE_INDEX,2766.79,2786.95,2738.44,2745.26,167.98
2022-05-17,KASE,KASE_INDEX,2745.22,2782.79,2745.22,2779.54,29.98
2022-05-18,KASE,KASE_INDEX,2779.56,2788.81,2748.85,2751.5,257.72
2022-05-19,KASE,KASE_INDEX,2752.19,2768.17,2739.27,2740.38,50.43
2022-05-20,KASE,KASE_INDEX,2740.38,2743.02,2705.4,2711.39,50.87
2022-05-23,KASE,KASE_INDEX,2711.39,2717.62,2685.28,2716.24,67.8
2022-05-24,KASE,KASE_INDEX,2716.05,2720.72,2673.93,2678.43,97.13
2022-05-25,KASE,KASE_INDEX,2678.39,2697.89,2629.87,2647.06,192.74
2022-05-26,KASE,KASE_INDEX,2647.14,2661.66,2633.29,2654.4,71.38
2022-05-27,KASE,KASE_INDEX,2654.4,2674.44,2652.44,2669.25,65.72
2022-05-30,KASE,KASE_INDEX,2669.25,2678.81,2655.54,2662.42,48.47
2022-05-31,KASE,KASE_INDEX,2661.77,2662.34,2628.75,2661.53,29.72
2022-06-01,KASE,KASE_INDEX,2661.53,2661.53,2628.54,2644.75,46.1
2022-06-02,KASE,KASE_INDEX,2644.99,2654.78,2625.55,2644.69,97.64
2022-06-03,KASE,KASE_INDEX,2644.69,2646.17,2629.1,2632.52,66.34
2022-06-06,KASE,KASE_INDEX,2630.28,2668.29,2627.56,2668.29,51.12
2022-06-07,KASE,KASE_INDEX,2668.29,2678.12,2660.45,2667.83,104.32
2022-06-08,KASE,KASE_INDEX,2668.78,2694.69,2655.82,2667.8,149.41
2022-06-09,KASE,KASE_INDEX,2669.9,2675.64,2658.09,2675.64,441.87
2022-06-10,KASE,KASE_INDEX,2675.64,2685.0,2669.06,2679.16,70.15
2022-06-13,KASE,KASE_INDEX,2679.17,2681.46,2642.77,2664.14,316.3
2022-06-14,KASE,KASE_INDEX,2665.44,2678.49,2650.71,2678.45,39.08
2022-06-15,KASE,KASE_INDEX,2677.86,2677.86,2642.09,2648.73,100.07
2022-06-16,KASE,KASE_INDEX,2647.73,2662.11,2645.08,2649.56,186.15
2022-06-17,KASE,KASE_INDEX,2649.53,2649.69,2584.56,2617.15,478.07
2022-06-20,KASE,KASE_INDEX,2617.22,2639.49,2613.73,2627.17,838.32
2022-06-21,KASE,KASE_INDEX,2625.4,2645.58,2618.81,2634.89,331.14
2022-06-22,KASE,KASE_INDEX,2635.73,2651.04,2631.92,2641.55,1119.15
2022-06-23,KASE,KASE_INDEX,2641.55,2648.89,2631.93,2644.94,449.13
2022-06-24,KASE,KASE_INDEX,2644.94,2661.78,2642.61,2658.11,561.35
2022-06-27,KASE,KASE_INDEX,2658.08,2694.19,2638.26,2673.42,611.04
2022-06-28,KASE,KASE_INDEX,2648.38,2667.15,2644.35,2661.92,34.16
2022-06-29,KASE,KASE_INDEX,2661.92,2684.84,2661.73,2674.45,34.56
2022-06-30,KASE,KASE_INDEX,2674.45,2674.72,2653.93,2674.72,22.13
2022-07-01,KASE,KASE_INDEX,2673.31,2676.15,2658.83,2674.63,1593.63
2022-07-04,KASE,KASE_INDEX,2674.44,2682.83,2656.16,2668.89,45.53
2022-07-05,KASE,KASE_INDEX,2668.88,2695.96,2667.99,2694.96,52.79
2022-07-07,KASE,KASE_INDEX,2694.96,2694.97,2666.61,2668.03,180.96
2022-07-08,KASE,KASE_INDEX,2668.03,2677.96,2658.01,2676.19,172.57
2022-07-11,KASE,KASE_INDEX,2673.24,2687.94,2666.19,2687.94,54.47
2022-07-12,KASE,KASE_INDEX,2688.67,2693.5,2680.75,2692.81,65.68
2022-07-13,KASE,KASE_INDEX,2691.96,2700.72,2668.57,2668.57,592.97
2022-07-14,KASE,KASE_INDEX,2668.27,2680.94,2662.11,2679.41,63.51
2022-07-15,KASE,KASE_INDEX,2677.21,2680.02,2636.91,2647.09,33.74
2022-07-18,KASE,KASE_INDEX,2658.85,2673.32,2649.35,2668.75,58.07
2022-07-19,KASE,KASE_INDEX,2668.79,2685.06,2660.97,2683.06,32.92
2022-07-20,KASE,KASE_INDEX,2690.06,2717.65,2687.63,2710.44,81.41
2022-07-21,KASE,KASE_INDEX,2709.15,2758.36,2708.98,2753.86,86.71
2022-07-22,KASE,KASE_INDEX,2753.86,2786.2,2745.69,2786.2,720.07
2022-07-25,KASE,KASE_INDEX,2786.2,2786.34,2753.11,2757.15,814.35
2022-07-26,KASE,KASE_INDEX,2759.8,2833.98,2747.11,2819.34,151.89
2022-07-27,KASE,KASE_INDEX,2819.34,2881.23,2819.34,2867.36,159.63
2022-07-28,KASE,KASE_INDEX,2867.32,2917.21,2865.57,2905.38,171.86
2022-07-29,KASE,KASE_INDEX,2905.35,2961.14,2905.35,2953.54,170.7
2022-08-01,KASE,KASE_INDEX,2953.54,2971.57,2939.43,2968.62,97.15
2022-08-02,KASE,KASE_INDEX,2968.81,2971.01,2932.51,2949.41,85.22
2022-08-03,KASE,KASE_INDEX,2948.42,2967.89,2947.08,2954.52,574.7
2022-08-04,KASE,KASE_INDEX,2955.13,2972.17,2945.7,2967.76,58.56
2022-08-05,KASE,KASE_INDEX,2967.53,2988.56,2948.19,2974.18,132.22
2022-08-08,KASE,KASE_INDEX,2972.89,3004.94,2968.2,3000.38,64.25
2022-08-09,KASE,KASE_INDEX,2999.24,3018.7,2985.04,3017.28,46.36
2022-08-10,KASE,KASE_INDEX,3015.75,3019.98,2998.14,3003.54,70.2
2022-08-11,KASE,KASE_INDEX,3003.7,3024.8,2999.17,3019.09,85.95
2022-08-12,KASE,KASE_INDEX,3019.09,3022.97,3003.28,3022.27,531.33
2022-08-15,KASE,KASE_INDEX,3021.35,3033.61,3002.39,3028.05,106.4
2022-08-16,KASE,KASE_INDEX,3028.05,3032.97,3002.86,3011.78,66.78
2022-08-17,KASE,KASE_INDEX,3030.92,3041.52,3019.32,3030.47,171.09
2022-08-18,KASE,KASE_INDEX,3031.44,3045.24,3014.77,3041.07,144.06
2022-08-19,KASE,KASE_INDEX,3038.12,3077.31,3037.83,3077.31,313.29
2022-08-22,KASE,KASE_INDEX,3080.21,3080.21,3021.97,3045.04,318.92
2022-08-23,KASE,KASE_INDEX,3058.15,3093.08,3054.05,3079.29,548.83
2022-08-24,KASE,KASE_INDEX,3079.29,3114.59,3079.29,3104.76,365.64
2022-08-25,KASE,KASE_INDEX,3105.33,3142.2,3101.43,3131.6,719.78
2022-08-26,KASE,KASE_INDEX,3131.6,3150.75,3116.54,3131.96,2214.83
2022-08-27,KASE,KASE_INDEX,3130.58,3144.04,3124.12,3134.71,455.93
2022-08-31,KASE,KASE_INDEX,3146.47,3150.66,3125.46,3150.51,90.62
2022-09-01,KASE,KASE_INDEX,3151.0,3158.53,3135.03,3141.73,2266.76
2022-09-02,KASE,KASE_INDEX,3141.7,3145.71,3083.06,3091.24,981.76
2022-09-05,KASE,KASE_INDEX,3106.6,3107.72,3085.75,3093.33,60.89
2022-09-06,KASE,KASE_INDEX,3093.51,3117.96,3088.82,3111.1,99.85
2022-09-07,KASE,KASE_INDEX,3108.55,3108.55,3074.22,3099.44,139.49
2022-09-08,KASE,KASE_INDEX,3099.44,3145.2,3099.44,3145.2,119.88
2022-09-09,KASE,KASE_INDEX,3145.2,3145.2,3121.15,3139.72,49.1
2022-09-12,KASE,KASE_INDEX,3139.72,3157.21,3124.04,3153.43,114.54
2022-09-13,KASE,KASE_INDEX,3153.43,3185.0,3153.43,3173.01,1280.97
2022-09-14,KASE,KASE_INDEX,3173.02,3173.21,3137.65,3146.23,178.06
2022-09-15,KASE,KASE_INDEX,3146.23,3166.43,3136.31,3160.71,1283.96
2022-09-16,KASE,KASE_INDEX,3157.64,3157.64,3130.85,3142.65,1976.44
2022-09-19,KASE,KASE_INDEX,3140.18,3147.2,3122.77,3127.73,100.62
2022-09-20,KASE,KASE_INDEX,3131.35,3145.95,3120.37,3133.44,1071.39
2022-09-21,KASE,KASE_INDEX,3133.44,3134.64,3111.4,3116.96,1056.48
2022-09-22,KASE,KASE_INDEX,3116.97,3133.91,3103.62,3129.57,57.38
2022-09-23,KASE,KASE_INDEX,3128.58,3131.56,3105.44,3116.52,129.65
2022-09-26,KASE,KASE_INDEX,3115.61,3115.61,3071.75,3072.51,389.6
2022-09-27,KASE,KASE_INDEX,3067.93,3096.91,3066.94,3078.38,87.2
2022-09-28,KASE,KASE_INDEX,3077.92,3109.19,3059.51,3083.54,83.76
2022-09-29,KASE,KASE_INDEX,3083.53,3104.54,3083.0,3100.26,221.68
2022-09-30,KASE,KASE_INDEX,3100.26,3100.3,3082.25,3083.79,44.3
2022-10-03,KASE,KASE_INDEX,3065.36,3095.31,3060.07,3088.99,403.21
2022-10-04,KASE,KASE_INDEX,3076.45,3102.33,3076.45,3096.4,1296.63
2022-10-05,KASE,KASE_INDEX,3096.8,3108.53,3083.64,3101.1,354.8
2022-10-06,KASE,KASE_INDEX,3101.1,3130.53,3098.59,3125.24,153.23
2022-10-07,KASE,KASE_INDEX,3125.24,3132.9,3116.22,3124.4,92.25
2022-10-10,KASE,KASE_INDEX,3124.21,3128.74,3096.86,3115.35,153.15
2022-10-11,KASE,KASE_INDEX,3115.2,3137.01,3101.79,3120.38,959.71
2022-10-12,KASE,KASE_INDEX,3123.12,3129.27,3114.24,3125.98,51.87
2022-10-13,KASE,KASE_INDEX,3125.98,3139.1,3118.73,3130.38,272.2
2022-10-14,KASE,KASE_INDEX,3130.38,3141.28,3121.05,3125.91,57.44
2022-10-17,KASE,KASE_INDEX,3125.91,3133.34,3098.82,3127.18,109.64
2022-10-18,KASE,KASE_INDEX,3120.33,3139.02,3063.36,3118.75,1361.88
2022-10-19,KASE,KASE_INDEX,3118.75,3135.72,3111.78,3125.42,94.08
2022-10-20,KASE,KASE_INDEX,3122.14,3134.16,3112.97,3126.66,138.55
2022-10-21,KASE,KASE_INDEX,3135.41,3138.55,3090.36,3098.73,177.58
2022-10-22,KASE,KASE_INDEX,3098.17,3120.9,3083.4,3114.63,35.48
2022-10-26,KASE,KASE_INDEX,3118.62,3135.08,3106.74,3121.11,383.82
2022-10-27,KASE,KASE_INDEX,3119.93,3134.61,3111.48,3114.92,117.09
2022-10-28,KASE,KASE_INDEX,3114.89,3144.52,3108.13,3138.01,102.21
2022-10-31,KASE,KASE_INDEX,3139.45,3144.56,3110.71,3132.87,25.73
2022-11-01,KASE,KASE_INDEX,3132.87,3140.78,3112.84,3132.4,28.06
2022-11-02,KASE,KASE_INDEX,3131.71,3142.69,3120.33,3123.62,73.75
2022-11-03,KASE,KASE_INDEX,3123.83,3123.83,3061.12,3067.71,49.67
2022-11-04,KASE,KASE_INDEX,3067.71,3086.15,3063.5,3076.26,49.07
2022-11-07,KASE,KASE_INDEX,3076.26,3090.69,3065.39,3077.99,83.42
2022-11-08,KASE,KASE_INDEX,3078.5,3092.04,3069.48,3080.62,317.76
2022-11-09,KASE,KASE_INDEX,3080.62,3092.62,3051.11,3062.8,89.29
2022-11-10,KASE,KASE_INDEX,3062.8,3062.85,3037.1,3056.23,116.12
2022-11-11,KASE,KASE_INDEX,3056.72,3062.96,3041.69,3045.62,1086.69
2022-11-14,KASE,KASE_INDEX,3044.49,3077.63,3040.77,3061.22,134.42
2022-11-15,KASE,KASE_INDEX,3061.84,3070.52,3025.62,3054.25,148.98
2022-11-16,KASE,KASE_INDEX,3052.57,3069.6,3042.36,3051.1,440.89
2022-11-17,KASE,KASE_INDEX,3051.09,3073.94,3026.17,3056.69,46.33
2022-11-18,KASE,KASE_INDEX,3055.06,3075.8,3044.3,3063.47,80.51
2022-11-21,KASE,KASE_INDEX,3046.16,3070.02,3027.83,3056.06,154.15
2022-11-22,KASE,KASE_INDEX,3063.1,3071.66,3012.45,3037.4,138.85
2022-11-23,KASE,KASE_INDEX,3035.96,3049.43,3017.7,3044.72,138.07
2022-11-24,KASE,KASE_INDEX,3044.72,3079.83,3036.21,3069.9,141.39
2022-11-25,KASE,KASE_INDEX,3066.54,3088.4,3048.45,3071.63,155.29
2022-11-28,KASE,KASE_INDEX,3071.63,3071.63,3033.59,3033.59,158.59
2022-11-29,KASE,KASE_INDEX,3035.6,3059.21,3034.25,3042.17,138.7
2022-11-30,KASE,KASE_INDEX,3041.73,3082.49,3011.08,3064.93,283.81
2022-12-01,KASE,KASE_INDEX,3064.88,3120.85,3029.42,3083.04,81.51
2022-12-02,KASE,KASE_INDEX,3083.04,3108.47,3061.13,3108.47,72.49
2022-12-05,KASE,KASE_INDEX,3108.49,3138.8,3083.56,3138.4,232.26
2022-12-06,KASE,KASE_INDEX,3138.4,3155.75,3124.97,3155.42,345.06
2022-12-07,KASE,KASE_INDEX,3155.85,3156.63,3126.35,3151.89,104.28
2022-12-08,KASE,KASE_INDEX,3151.74,3157.02,3130.65,3156.31,117.66
2022-12-09,KASE,KASE_INDEX,3156.31,3170.02,3137.38,3163.07,82.77
2022-12-12,KASE,KASE_INDEX,3162.72,3167.84,3143.01,3143.01,143.29
2022-12-13,KASE,KASE_INDEX,3142.99,3161.96,3141.03,3152.64,160.16
2022-12-14,KASE,KASE_INDEX,3152.64,3180.28,3144.07,3179.51,92.62
2022-12-15,KASE,KASE_INDEX,3178.08,3204.18,3160.43,3202.98,84.54
2022-12-19,KASE,KASE_INDEX,3202.42,3211.97,3174.85,3206.06,62.28
2022-12-20,KASE,KASE_INDEX,3206.07,3215.13,3191.74,3213.55,52.51
2022-12-21,KASE,KASE_INDEX,3212.99,3221.78,3197.02,3211.79,341.51
2022-12-22,KASE,KASE_INDEX,3214.93,3265.09,3202.59,3257.69,122.66
2022-12-23,KASE,KASE_INDEX,3250.59,3264.48,3218.54,3235.2,137.89
2022-12-26,KASE,KASE_INDEX,3241.54,3246.59,3215.72,3230.3,88.27
2022-12-27,KASE,KASE_INDEX,3227.58,3244.54,3214.99,3240.44,77.83
2022-12-28,KASE,KASE_INDEX,3240.44,3253.78,3224.44,3232.24,154.69
2022-12-29,KASE,KASE_INDEX,3232.24,3244.4,3227.09,3240.46,56.19
2022-12-30,KASE,KASE_INDEX,3241.44,3256.56,3235.46,3251.64,57.53
2023-01-04,KASE,KASE_INDEX,3251.64,3277.29,3241.18,3250.59,85.63
2023-01-05,KASE,KASE_INDEX,3250.59,3260.94,3247.25,3252.52,663.12
2023-01-06,KASE,KASE_INDEX,3252.96,3261.41,3243.13,3243.13,77.36
2023-01-09,KASE,KASE_INDEX,3243.13,3270.49,3243.13,3269.59,90.4
2023-01-10,KASE,KASE_INDEX,3267.11,3337.28,3253.38,3273.35,123.28
2023-01-11,KASE,KASE_INDEX,3273.35,3360.08,3270.73,3279.68,110.02
2023-01-12,KASE,KASE_INDEX,3280.85,3292.28,3273.34,3281.78,104.05
2023-01-13,KASE,KASE_INDEX,3281.87,3298.48,3271.74,3286.37,247.0
2023-01-16,KASE,KASE_INDEX,3288.4,3300.91,3273.13,3294.47,53.55
2023-01-17,KASE,KASE_INDEX,3294.77,3299.65,3282.81,3294.21,43.08
2023-01-18,KASE,KASE_INDEX,3293.9,3325.8,3285.85,3315.16,153.44
2023-01-19,KASE,KASE_INDEX,3310.8,3329.76,3293.8,3320.4,230.79
2023-01-20,KASE,KASE_INDEX,3320.09,3330.91,3298.76,3300.28,286.99
2023-01-23,KASE,KASE_INDEX,3300.28,3322.86,3298.07,3322.86,136.89
2023-01-24,KASE,KASE_INDEX,3323.14,3335.7,3319.09,3329.4,143.91
2023-01-25,KASE,KASE_INDEX,3329.4,3336.18,3321.63,3334.03,146.3
2023-01-26,KASE,KASE_INDEX,3334.03,3337.84,3313.33,3314.84,198.42
2023-01-27,KASE,KASE_INDEX,3314.81,3319.51,3280.35,3290.47,239.42
2023-01-30,KASE,KASE_INDEX,3290.45,3308.03,3287.75,3296.06,50.9
2023-01-31,KASE,KASE_INDEX,3295.62,3305.58,3284.35,3299.91,99.73
2023-02-01,KASE,KASE_INDEX,3299.91,3305.69,3285.64,3297.46,80.8
2023-02-02,KASE,KASE_INDEX,3297.98,3341.45,3297.98,3330.96,170.13
2023-02-03,KASE,KASE_INDEX,3333.34,3358.32,3326.17,3353.4,716.02
2023-02-06,KASE,KASE_INDEX,3350.3,3354.17,3332.27,3344.12,367.42
2023-02-07,KASE,KASE_INDEX,3344.1,3344.1,3310.52,3338.33,506.52
2023-02-08,KASE,KASE_INDEX,3338.33,3354.95,3332.68,3353.3,1641.57
2023-02-09,KASE,KASE_INDEX,3353.3,3368.85,3343.88,3348.09,814.17
2023-02-10,KASE,KASE_INDEX,3348.09,3354.43,3335.66,3348.45,1238.29
2023-02-13,KASE,KASE_INDEX,3348.45,3352.48,3337.44,3345.62,482.97
2023-02-14,KASE,KASE_INDEX,3345.43,3364.69,3344.77,3363.18,5829.48
2023-02-15,KASE,KASE_INDEX,3363.22,3378.68,3352.6,3372.5,3355.51
2023-02-16,KASE,KASE_INDEX,3372.5,3374.21,3358.64,3364.42,900.13
2023-02-17,KASE,KASE_INDEX,3364.42,3383.18,3364.42,3382.79,1302.76
2023-02-20,KASE,KASE_INDEX,3382.79,3383.18,3370.91,3371.46,1579.46
2023-02-21,KASE,KASE_INDEX,3371.46,3375.01,3355.51,3360.51,551.29
2023-02-22,KASE,KASE_INDEX,3360.51,3360.51,3330.19,3334.73,580.32
2023-02-23,KASE,KASE_INDEX,3335.09,3336.05,3318.95,3333.53,369.96
2023-02-24,KASE,KASE_INDEX,3333.65,3350.91,3333.65,3341.5,195.06
2023-02-27,KASE,KASE_INDEX,3340.38,3402.17,3329.65,3344.49,295.75
2023-02-28,KASE,KASE_INDEX,3344.27,3345.58,3330.3,3338.9,1337.98
2023-03-01,KASE,KASE_INDEX,3338.9,3339.46,3321.14,3328.76,429.13
2023-03-02,KASE,KASE_INDEX,3328.76,3339.27,3306.22,3315.5,386.1
2023-03-03,KASE,KASE_INDEX,3315.5,3318.02,3295.0,3309.8,214.55
2023-03-06,KASE,KASE_INDEX,3309.78,3328.18,3280.24,3322.11,989.64
2023-03-07,KASE,KASE_INDEX,3322.11,3328.51,3301.96,3311.38,2353.21
2023-03-09,KASE,KASE_INDEX,3316.88,3316.88,3291.42,3291.42,479.8
2023-03-10,KASE,KASE_INDEX,3291.4,3319.19,3282.83,3298.53,149.25
2023-03-13,KASE,KASE_INDEX,3298.53,3302.76,3245.24,3277.56,1014.31
2023-03-14,KASE,KASE_INDEX,3276.32,3280.68,3243.47,3256.24,526.86
2023-03-15,KASE,KASE_INDEX,3256.65,3296.79,3256.65,3282.83,404.84
2023-03-16,KASE,KASE_INDEX,3282.83,3293.01,3230.25,3263.27,1390.85
2023-03-17,KASE,KASE_INDEX,3263.27,3295.69,3256.59,3277.44,400.47
2023-03-20,KASE,KASE_INDEX,3277.44,3287.95,3247.03,3255.6,467.54
2023-03-24,KASE,KASE_INDEX,3251.6,3290.65,3242.53,3276.71,836.76
2023-03-27,KASE,KASE_INDEX,3276.7,3347.44,3268.2,3281.61,556.02
2023-03-28,KASE,KASE_INDEX,3283.25,3307.86,3279.53,3300.36,684.94
2023-03-29,KASE,KASE_INDEX,3300.36,3314.49,3295.28,3311.37,1045.39
2023-03-30,KASE,KASE_INDEX,3311.37,3343.33,3297.65,3342.53,1725.36
2023-03-31,KASE,KASE_INDEX,3342.33,3354.41,3332.03,3351.23,998.67
2023-04-03,KASE,KASE_INDEX,3351.23,3368.04,3335.39,3362.77,2358.76
2023-04-04,KASE,KASE_INDEX,3362.77,3372.78,3351.21,3353.4,343.59
2023-04-05,KASE,KASE_INDEX,3355.5,3376.84,3355.5,3368.81,277.29
2023-04-06,KASE,KASE_INDEX,3368.16,3416.1,3357.75,3416.1,6502.12
2023-04-07,KASE,KASE_INDEX,3418.1,3454.48,3407.74,3437.06,6217.41
2023-04-10,KASE,KASE_INDEX,3437.06,3455.68,3428.12,3448.66,2519.2
2023-04-11,KASE,KASE_INDEX,3446.29,3451.6,3426.24,3446.86,2628.3
2023-04-12,KASE,KASE_INDEX,3446.86,3473.36,3442.05,3461.91,2741.54
2023-04-13,KASE,KASE_INDEX,3461.91,3475.69,3447.38,3461.54,1793.02
2023-04-14,KASE,KASE_INDEX,3458.36,3465.65,3442.88,3461.28,1632.57
2023-04-17,KASE,KASE_INDEX,3459.13,3471.47,3448.23,3471.15,571.24
2023-04-18,KASE,KASE_INDEX,3471.15,3478.27,3447.18,3459.83,3130.09
2023-04-19,KASE,KASE_INDEX,3459.87,3491.8,3448.7,3491.8,3635.53
2023-04-20,KASE,KASE_INDEX,3491.8,3498.27,3476.93,3493.9,1289.5
2023-04-21,KASE,KASE_INDEX,3495.89,3502.97,3481.54,3487.38,659.15
2023-04-24,KASE,KASE_INDEX,3493.48,3577.64,3487.51,3572.02,993.46
2023-04-25,KASE,KASE_INDEX,3572.02,3572.02,3534.67,3556.87,1017.5
2023-04-26,KASE,KASE_INDEX,3556.87,3560.75,3526.38,3534.24,1031.08
2023-04-27,KASE,KASE_INDEX,3534.24,3552.73,3511.71,3542.82,451.68
2023-04-28,KASE,KASE_INDEX,3542.94,3568.52,3522.0,3559.9,733.61
2023-05-02,KASE,KASE_INDEX,3538.42,3618.3,3535.83,3602.7,934.18
2023-05-03,KASE,KASE_INDEX,3606.49,3606.49,3552.37,3567.1,551.76
2023-05-04,KASE,KASE_INDEX,3566.76,3580.5,3541.69,3580.5,608.61
2023-05-05,KASE,KASE_INDEX,3580.95,3602.19,3575.6,3599.59,417.21
2023-05-10,KASE,KASE_INDEX,3599.92,3607.78,3573.16,3607.78,739.41
2023-05-11,KASE,KASE_INDEX,3610.18,3611.45,3581.9,3586.03,576.25
2023-05-12,KASE,KASE_INDEX,3586.03,3597.46,3578.24,3590.21,444.55
2023-05-15,KASE,KASE_INDEX,3591.17,3608.58,3581.23,3600.34,1037.18
2023-05-16,KASE,KASE_INDEX,3597.75,3601.0,3577.49,3589.56,1307.58
2023-05-17,KASE,KASE_INDEX,3592.5,3600.03,3583.34,3588.91,882.79
2023-05-18,KASE,KASE_INDEX,3588.91,3614.7,3584.02,3614.41,1841.83
2023-05-19,KASE,KASE_INDEX,3613.4,3613.4,3592.38,3603.88,1855.94
2023-05-22,KASE,KASE_INDEX,3603.88,3609.39,3556.47,3586.92,858.19
2023-05-23,KASE,KASE_INDEX,3586.91,3592.92,3571.72,3583.03,1152.08
2023-05-24,KASE,KASE_INDEX,3583.79,3590.49,3571.49,3580.54,1372.17
2023-05-25,KASE,KASE_INDEX,3574.71,3598.64,3574.71,3585.99,595.68
2023-05-26,KASE,KASE_INDEX,3586.85,3646.98,3560.86,3585.18,976.18
2023-05-29,KASE,KASE_INDEX,3585.7,3585.7,3497.25,3518.29,446.51
2023-05-30,KASE,KASE_INDEX,3518.29,3523.72,3458.78,3480.74,688.32
2023-05-31,KASE,KASE_INDEX,3480.69,3506.15,3479.64,3492.44,727.43
2023-06-01,KASE,KASE_INDEX,3492.48,3497.8,3479.64,3497.13,454.46
2023-06-02,KASE,KASE_INDEX,3496.66,3517.91,3492.06,3506.7,514.98
2023-06-05,KASE,KASE_INDEX,3506.7,3526.96,3494.8,3526.96,380.53
2023-06-06,KASE,KASE_INDEX,3525.97,3538.3,3507.87,3533.98,594.14
2023-06-07,KASE,KASE_INDEX,3534.12,3553.3,3517.29,3542.57,363.3
2023-06-08,KASE,KASE_INDEX,3541.58,3554.88,3518.29,3545.29,396.93
2023-06-09,KASE,KASE_INDEX,3545.29,3549.71,3534.63,3545.02,168.17
2023-06-12,KASE,KASE_INDEX,3544.62,3545.88,3523.53,3541.95,344.83
2023-06-13,KASE,KASE_INDEX,3541.88,3549.0,3522.23,3538.03,172.92
2023-06-14,KASE,KASE_INDEX,3538.03,3551.66,3521.19,3535.52,666.27
2023-06-15,KASE,KASE_INDEX,3535.64,3547.45,3527.42,3536.09,174.46
2023-06-16,KASE,KASE_INDEX,3536.06,3545.15,3527.98,3539.47,218.31
2023-06-19,KASE,KASE_INDEX,3537.19,3541.05,3523.26,3534.65,265.76
2023-06-20,KASE,KASE_INDEX,3534.6,3542.55,3515.98,3532.69,430.6
2023-06-21,KASE,KASE_INDEX,3532.16,3541.52,3519.56,3535.73,678.2
2023-06-22,KASE,KASE_INDEX,3535.85,3545.27,3522.28,3538.27,216.48
2023-06-23,KASE,KASE_INDEX,3538.3,3549.22,3530.55,3545.88,285.52
2023-06-26,KASE,KASE_INDEX,3545.37,3572.83,3534.39,3565.96,754.08
2023-06-27,KASE,KASE_INDEX,3565.96,3575.75,3556.18,3572.16,690.79
2023-06-29,KASE,KASE_INDEX,3572.16,3594.71,3570.7,3594.71,485.86
2023-06-30,KASE,KASE_INDEX,3594.71,3606.57,3578.92,3604.75,586.34
2023-07-01,KASE,KASE_INDEX,3604.75,3615.88,3583.89,3604.07,284.26
2023-07-03,KASE,KASE_INDEX,3600.32,3607.48,3590.2,3606.16,1016.09
2023-07-04,KASE,KASE_INDEX,3606.16,3614.92,3590.76,3611.8,424.29
2023-07-05,KASE,KASE_INDEX,3611.8,3623.47,3603.06,3610.27,328.62
2023-07-10,KASE,KASE_INDEX,3608.25,3619.64,3595.66,3617.89,460.44
2023-07-11,KASE,KASE_INDEX,3615.89,3624.73,3569.59,3616.83,283.03
2023-07-12,KASE,KASE_INDEX,3598.62,3611.78,3591.59,3604.96,228.0
2023-07-13,KASE,KASE_INDEX,3602.87,3606.02,3591.89,3606.02,193.75
2023-07-14,KASE,KASE_INDEX,3606.02,3631.83,3597.62,3618.91,166.27
2023-07-17,KASE,KASE_INDEX,3618.94,3635.22,3612.23,3633.62,1405.95
2023-07-18,KASE,KASE_INDEX,3631.53,3647.27,3607.93,3646.05,2569.21
2023-07-19,KASE,KASE_INDEX,3644.51,3674.08,3638.13,3667.8,1912.91
2023-07-20,KASE,KASE_INDEX,3668.08,3679.86,3660.88,3669.78,1179.88
2023-07-21,KASE,KASE_INDEX,3669.58,3682.13,3664.01,3681.5,798.82
2023-07-24,KASE,KASE_INDEX,3681.51,3682.54,3655.93,3672.22,348.2
2023-07-25,KASE,KASE_INDEX,3672.22,3702.76,3665.01,3676.8,1307.42
2023-07-26,KASE,KASE_INDEX,3676.55,3681.1,3645.27,3660.23,822.77
2023-07-27,KASE,KASE_INDEX,3660.23,3665.26,3647.26,3663.8,226.52
2023-07-28,KASE,KASE_INDEX,3676.48,3684.74,3654.4,3682.65,522.02
2023-07-31,KASE,KASE_INDEX,3682.65,3707.73,3677.45,3707.73,375.82
2023-08-01,KASE,KASE_INDEX,3701.86,3707.36,3683.69,3707.36,487.73
2023-08-02,KASE,KASE_INDEX,3707.36,3718.39,3702.24,3708.09,230.66
2023-08-03,KASE,KASE_INDEX,3708.35,3715.85,3707.38,3714.24,228.55
2023-08-04,KASE,KASE_INDEX,3714.24,3717.42,3699.6,3714.2,1095.32
2023-08-07,KASE,KASE_INDEX,3714.2,3736.27,3709.49,3732.78,376.67
2023-08-08,KASE,KASE_INDEX,3732.78,3756.54,3728.93,3754.42,863.21
2023-08-09,KASE,KASE_INDEX,3753.91,3810.06,3744.12,3798.37,768.28
2023-08-10,KASE,KASE_INDEX,3798.37,3807.49,3790.69,3798.49,1453.64
2023-08-11,KASE,KASE_INDEX,3796.2,3808.17,3787.95,3803.0,638.4
2023-08-14,KASE,KASE_INDEX,3802.64,3813.65,3791.28,3813.59,1270.96
2023-08-15,KASE,KASE_INDEX,3803.27,3818.87,3781.3,3789.77,1124.06
2023-08-16,KASE,KASE_INDEX,3789.77,3801.43,3716.07,3746.54,1003.99
2023-08-17,KASE,KASE_INDEX,3746.92,3764.06,3727.13,3751.91,913.68
2023-08-18,KASE,KASE_INDEX,3752.03,3761.51,3732.52,3753.16,1200.6
2023-08-21,KASE,KASE_INDEX,3753.23,3767.34,3749.59,3760.09,890.54
2023-08-22,KASE,KASE_INDEX,3760.08,3767.48,3748.31,3764.32,1232.12
2023-08-23,KASE,KASE_INDEX,3764.42,3778.2,3716.79,3774.33,2439.98
2023-08-24,KASE,KASE_INDEX,3774.13,3798.51,3740.19,3793.94,1239.54
2023-08-25,KASE,KASE_INDEX,3792.86,3802.27,3773.46,3797.23,722.26
2023-08-28,KASE,KASE_INDEX,3797.23,3808.49,3771.99,3800.97,1347.18
2023-08-29,KASE,KASE_INDEX,3800.96,3815.46,3793.39,3810.64,1181.04
2023-08-31,KASE,KASE_INDEX,3824.23,3866.13,3815.06,3866.13,3112.31
2023-09-01,KASE,KASE_INDEX,3866.13,3875.27,3840.2,3851.99,2487.49
2023-09-04,KASE,KASE_INDEX,3849.41,3878.15,3830.45,3843.63,2262.57
2023-09-05,KASE,KASE_INDEX,3851.99,3895.8,3851.99,3874.66,4838.26
2023-09-06,KASE,KASE_INDEX,3874.62,3881.25,3846.12,3857.74,1611.78
2023-09-07,KASE,KASE_INDEX,3857.74,3881.25,3857.74,3874.11,1515.54
2023-09-08,KASE,KASE_INDEX,3874.11,3881.67,3854.25,3877.26,1793.59
2023-09-11,KASE,KASE_INDEX,3877.26,3882.44,3863.31,3882.44,33855.71
2023-09-12,KASE,KASE_INDEX,3879.73,3896.74,3871.1,3883.63,673.01
2023-09-13,KASE,KASE_INDEX,3883.63,3896.89,3881.47,3888.12,1084.21
2023-09-14,KASE,KASE_INDEX,3888.12,3932.05,3884.96,3931.51,1843.37
2023-09-15,KASE,KASE_INDEX,3931.51,3945.9,3925.85,3936.54,1961.09
2023-09-18,KASE,KASE_INDEX,3935.95,3986.35,3935.95,3967.45,958.0
2023-09-19,KASE,KASE_INDEX,3967.32,3978.19,3959.08,3968.4,510.05
2023-09-20,KASE,KASE_INDEX,3968.59,4001.38,3939.79,3992.73,577.73
2023-09-21,KASE,KASE_INDEX,3993.08,4027.86,3993.08,4006.71,466.73
2023-09-22,KASE,KASE_INDEX,4006.71,4012.06,3997.55,4007.53,227.58
2023-09-25,KASE,KASE_INDEX,4007.53,4025.9,4007.53,4023.54,865.54
2023-09-26,KASE,KASE_INDEX,4023.73,4057.78,4018.39,4053.53,1013.18
2023-09-27,KASE,KASE_INDEX,4053.53,4080.73,3967.54,4033.58,571.87
2023-09-28,KASE,KASE_INDEX,4033.58,4061.47,4031.49,4053.78,563.46
2023-09-29,KASE,KASE_INDEX,4053.62,4111.95,4053.62,4103.83,426.37
2023-10-02,KASE,KASE_INDEX,4100.41,4145.92,4100.41,4126.07,315.07
2023-10-03,KASE,KASE_INDEX,4123.1,4123.55,4076.82,4095.68,561.02
2023-10-04,KASE,KASE_INDEX,4094.18,4096.66,4027.18,4058.83,1077.87
2023-10-05,KASE,KASE_INDEX,4058.85,4083.42,4045.12,4072.89,386.77
2023-10-06,KASE,KASE_INDEX,4072.89,4072.89,4050.41,4067.28,515.14
2023-10-09,KASE,KASE_INDEX,4067.28,4089.84,4051.81,4073.01,978.14
2023-10-10,KASE,KASE_INDEX,4073.01,4073.01,4024.21,4057.55,451.77
2023-10-11,KASE,KASE_INDEX,4057.53,4074.43,4007.81,4071.67,1160.75
2023-10-12,KASE,KASE_INDEX,4060.7,4077.24,4043.12,4054.48,649.97
2023-10-13,KASE,KASE_INDEX,4054.48,4056.12,4026.78,4055.14,650.27
2023-10-16,KASE,KASE_INDEX,4055.14,4060.16,4028.1,4043.11,275.99
2023-10-17,KASE,KASE_INDEX,4042.95,4049.0,4030.11,4042.14,363.92
2023-10-18,KASE,KASE_INDEX,4042.34,4072.65,4040.66,4068.75,777.33
2023-10-19,KASE,KASE_INDEX,4068.75,4095.23,4040.97,4080.52,369.46
2023-10-20,KASE,KASE_INDEX,4080.54,4087.19,4063.79,4079.26,433.3
2023-10-23,KASE,KASE_INDEX,4079.22,4113.13,4056.37,4067.18,297.32
2023-10-24,KASE,KASE_INDEX,4064.55,4064.55,4030.67,4053.33,726.57
2023-10-26,KASE,KASE_INDEX,4053.33,4088.37,4034.38,4059.09,1092.99
2023-10-27,KASE,KASE_INDEX,4059.09,4059.25,4029.25,4034.56,1134.13
2023-10-30,KASE,KASE_INDEX,4034.56,4044.22,4023.48,4032.9,150.3
2023-10-31,KASE,KASE_INDEX,4033.27,4036.45,4015.15,4035.12,309.79
2023-11-01,KASE,KASE_INDEX,4035.12,4054.0,4028.84,4049.55,384.28
2023-11-02,KASE,KASE_INDEX,4049.55,4071.85,4047.73,4067.42,639.57
2023-11-03,KASE,KASE_INDEX,4053.49,4064.68,4044.26,4055.17,314.13
2023-11-06,KASE,KASE_INDEX,4055.18,4055.18,4027.38,4045.89,294.29
2023-11-07,KASE,KASE_INDEX,4045.89,4055.61,4026.98,4053.72,575.92
2023-11-08,KASE,KASE_INDEX,4054.38,4067.26,4050.57,4059.84,361.48
2023-11-09,KASE,KASE_INDEX,4059.84,4076.05,4047.36,4064.73,233.88
2023-11-10,KASE,KASE_INDEX,4064.73,4074.05,4055.15,4060.56,522.5
2023-11-13,KASE,KASE_INDEX,4060.56,4067.78,4051.07,4065.4,284.83
2023-11-14,KASE,KASE_INDEX,4066.42,4085.86,4066.08,4085.19,271.62
2023-11-15,KASE,KASE_INDEX,4085.67,4092.81,4077.7,4087.06,321.27
2023-11-16,KASE,KASE_INDEX,4087.06,4097.88,4079.31,4090.14,363.98
2023-11-17,KASE,KASE_INDEX,4092.02,4104.82,4090.55,4104.44,431.67
2023-11-20,KASE,KASE_INDEX,4104.44,4117.94,4086.08,4108.08,430.98
2023-11-21,KASE,KASE_INDEX,4108.08,4133.84,4108.08,4130.52,299.06
2023-11-22,KASE,KASE_INDEX,4130.12,4156.81,4128.5,4156.81,427.31
2023-11-23,KASE,KASE_INDEX,4156.94,4164.81,4143.02,4155.04,278.91
2023-11-24,KASE,KASE_INDEX,4154.72,4161.86,4139.17,4153.52,524.26
2023-11-27,KASE,KASE_INDEX,4153.52,4166.75,4151.53,4158.03,477.61
2023-11-28,KASE,KASE_INDEX,4158.05,4176.23,4137.06,4176.23,342.69
2023-11-29,KASE,KASE_INDEX,4176.23,4176.47,4153.48,4165.8,704.67
2023-11-30,KASE,KASE_INDEX,4165.8,4180.08,4160.29,4167.17,448.5
2023-12-01,KASE,KASE_INDEX,4170.53,4186.96,4164.89,4186.94,435.04
2023-12-04,KASE,KASE_INDEX,4186.94,4226.38,4177.39,4218.96,740.4
2023-12-05,KASE,KASE_INDEX,4218.96,4242.34,4213.78,4232.61,474.34
2023-12-06,KASE,KASE_INDEX,4232.61,4245.53,4221.03,4224.47,608.78
2023-12-07,KASE,KASE_INDEX,4224.39,4240.3,4211.59,4221.43,850.44
2023-12-08,KASE,KASE_INDEX,4221.25,4225.24,4149.61,4158.29,561.18
2023-12-11,KASE,KASE_INDEX,4159.2,4222.19,4157.28,4188.52,484.78
2023-12-12,KASE,KASE_INDEX,4188.62,4195.08,4168.28,4173.26,475.68
2023-12-13,KASE,KASE_INDEX,4173.26,4178.36,4149.71,4158.53,596.64
2023-12-14,KASE,KASE_INDEX,4158.53,4159.96,4132.44,4150.88,481.52
2023-12-15,KASE,KASE_INDEX,4150.88,4167.6,4137.31,4148.67,437.02
2023-12-19,KASE,KASE_INDEX,4148.33,4162.86,4138.06,4151.54,1060.28
2023-12-20,KASE,KASE_INDEX,4151.37,4153.04,4133.95,4147.35,498.86
2023-12-21,KASE,KASE_INDEX,4147.35,4169.26,4133.54,4154.53,2321.22
2023-12-22,KASE,KASE_INDEX,4154.87,4176.23,4150.18,4159.36,695.79
2023-12-25,KASE,KASE_INDEX,4159.36,4171.73,4149.16,4161.97,716.74
2023-12-26,KASE,KASE_INDEX,4162.34,4163.87,4146.03,4155.25,654.0
2023-12-27,KASE,KASE_INDEX,4155.24,4169.82,4144.52,4157.27,4768.51
2023-12-28,KASE,KASE_INDEX,4154.25,4165.62,4147.48,4160.79,370.49
2023-12-29,KASE,KASE_INDEX,4160.79,4187.38,4155.34,4187.38,954.12
2024-01-03,KASE,KASE_INDEX,4187.38,4204.32,4173.01,4195.23,817.37
2024-01-04,KASE,KASE_INDEX,4195.23,4246.17,4189.81,4231.83,828.31
2024-01-05,KASE,KASE_INDEX,4233.55,4255.79,4230.6,4246.76,524.06
2024-01-08,KASE,KASE_INDEX,4246.76,4261.08,4246.76,4251.24,162.37
2024-01-09,KASE,KASE_INDEX,4251.86,4260.79,4248.84,4253.88,340.01
2024-01-10,KASE,KASE_INDEX,4253.88,4273.06,4191.15,4271.4,523.47
2024-01-11,KASE,KASE_INDEX,4271.02,4283.61,4262.64,4272.49,381.99
2024-01-12,KASE,KASE_INDEX,4272.49,4295.21,4270.09,4288.01,344.92
2024-01-15,KASE,KASE_INDEX,4288.28,4339.1,4280.92,4337.62,1214.87
2024-01-16,KASE,KASE_INDEX,4338.57,4354.11,4322.03,4354.11,527.6
2024-01-17,KASE,KASE_INDEX,4354.68,4366.46,4321.21,4357.47,876.24
2024-01-18,KASE,KASE_INDEX,4357.26,4379.19,4330.26,4367.17,388.39
2024-01-19,KASE,KASE_INDEX,4367.17,4380.45,4336.36,4357.35,647.06
2024-01-22,KASE,KASE_INDEX,4357.35,4382.65,4347.12,4379.68,620.77
2024-01-23,KASE,KASE_INDEX,4379.68,4380.36,4326.19,4332.22,369.67
2024-01-24,KASE,KASE_INDEX,4332.23,4353.15,4316.63,4341.46,1254.47
2024-01-25,KASE,KASE_INDEX,4339.0,4342.08,4288.88,4309.71,711.26
2024-01-26,KASE,KASE_INDEX,4310.16,4310.16,4278.13,4290.63,998.1
2024-01-29,KASE,KASE_INDEX,4289.93,4302.32,4252.52,4270.87,553.59
2024-01-30,KASE,KASE_INDEX,4270.46,4283.78,4223.09,4243.33,443.13
2024-01-31,KASE,KASE_INDEX,4243.34,4259.24,4228.47,4258.65,718.27
2024-02-01,KASE,KASE_INDEX,4258.65,4273.16,4239.84,4273.16,523.27
2024-02-02,KASE,KASE_INDEX,4273.16,4322.84,4236.76,4322.84,1266.03
2024-02-05,KASE,KASE_INDEX,4322.84,4325.69,4292.97,4321.93,712.0
2024-02-06,KASE,KASE_INDEX,4321.17,4341.97,4282.42,4341.54,701.7
2024-02-07,KASE,KASE_INDEX,4337.66,4357.6,4331.49,4350.37,253.97
2024-02-08,KASE,KASE_INDEX,4351.19,4377.13,4350.14,4372.37,355.13
2024-02-09,KASE,KASE_INDEX,4376.88,4405.1,4356.94,4402.94,414.75
2024-02-12,KASE,KASE_INDEX,4402.75,4438.23,4392.8,4434.61,803.13
2024-02-13,KASE,KASE_INDEX,4434.7,4500.36,4428.34,4487.9,555.71
2024-02-14,KASE,KASE_INDEX,4487.9,4528.92,4467.41,4520.58,520.05
2024-02-15,KASE,KASE_INDEX,4520.58,4585.33,4478.0,4563.38,732.97
2024-02-16,KASE,KASE_INDEX,4567.16,4591.9,4555.11,4571.15,338.0
2024-02-19,KASE,KASE_INDEX,4571.15,4626.01,4557.14,4617.65,600.21
2024-02-20,KASE,KASE_INDEX,4617.65,4679.19,4617.63,4679.19,618.53
2024-02-21,KASE,KASE_INDEX,4679.23,4693.72,4600.43,4642.85,496.65
2024-02-22,KASE,KASE_INDEX,4642.85,4684.2,4638.22,4675.67,723.49
2024-02-23,KASE,KASE_INDEX,4675.68,4716.19,4675.05,4716.19,583.32
2024-02-26,KASE,KASE_INDEX,4716.19,4763.44,4714.45,4748.14,656.29
2024-02-27,KASE,KASE_INDEX,4748.11,4778.14,4744.75,4769.64,336.6
2024-02-28,KASE,KASE_INDEX,4771.38,4809.41,4769.36,4804.73,533.25
2024-02-29,KASE,KASE_INDEX,4804.66,4841.49,4761.35,4803.18,824.77
2024-03-01,KASE,KASE_INDEX,4803.22,4836.54,4803.22,4834.82,522.03
2024-03-04,KASE,KASE_INDEX,4832.87,4865.77,4830.13,4840.61,530.57
2024-03-05,KASE,KASE_INDEX,4840.65,4923.5,4829.49,4913.09,1082.38
2024-03-06,KASE,KASE_INDEX,4913.09,4947.28,4875.78,4942.67,879.57
2024-03-07,KASE,KASE_INDEX,4942.67,4995.35,4942.67,4972.9,1088.1
2024-03-11,KASE,KASE_INDEX,4971.78,5007.2,4965.74,4991.96,448.15
2024-03-12,KASE,KASE_INDEX,4991.96,5005.68,4962.37,4990.28,648.56
2024-03-13,KASE,KASE_INDEX,4990.19,5016.52,4949.65,4957.0,619.56
2024-03-14,KASE,KASE_INDEX,4950.49,4976.27,4930.52,4976.27,787.94
2024-03-15,KASE,KASE_INDEX,4966.97,5031.74,4966.97,4995.61,716.89
2024-03-18,KASE,KASE_INDEX,4992.26,4992.26,4916.99,4932.35,650.01
2024-03-19,KASE,KASE_INDEX,4932.34,4967.26,4932.29,4956.27,382.42
2024-03-20,KASE,KASE_INDEX,4963.67,4995.48,4955.42,4981.66,386.72
2024-03-26,KASE,KASE_INDEX,4981.64,5037.65,4980.83,5004.94,852.31
2024-03-27,KASE,KASE_INDEX,5004.82,5054.04,4988.36,5035.74,690.15
2024-03-28,KASE,KASE_INDEX,5037.22,5079.27,5026.31,5051.59,710.36
2024-03-29,KASE,KASE_INDEX,5054.5,5083.25,5054.43,5077.84,331.26
2024-04-01,KASE,KASE_INDEX,5078.08,5103.43,5056.26,5094.79,571.77
2024-04-02,KASE,KASE_INDEX,5094.55,5145.22,5094.55,5116.41,1072.23
2024-04-03,KASE,KASE_INDEX,5116.41,5126.48,5088.84,5097.22,623.56
2024-04-04,KASE,KASE_INDEX,5097.22,5135.19,5089.07,5093.44,516.0
2024-04-05,KASE,KASE_INDEX,5072.47,5087.21,5047.33,5065.43,376.66
2024-04-08,KASE,KASE_INDEX,5064.1,5090.09,5039.91,5046.96,545.13
2024-04-09,KASE,KASE_INDEX,5046.03,5046.03,4982.91,5000.83,228.0
2024-04-10,KASE,KASE_INDEX,4999.35,5004.18,4938.87,4954.16,465.55
2024-04-11,KASE,KASE_INDEX,4954.16,4960.18,4931.8,4959.19,492.7
2024-04-12,KASE,KASE_INDEX,4958.45,4987.18,4941.39,4987.18,592.78
2024-04-15,KASE,KASE_INDEX,4986.46,4986.46,4933.08,4971.85,744.9
2024-04-16,KASE,KASE_INDEX,4974.26,4978.68,4905.95,4923.95,510.43
2024-04-17,KASE,KASE_INDEX,4923.95,4941.27,4915.44,4936.3,389.96
2024-04-18,KASE,KASE_INDEX,4936.18,4937.23,4911.2,4914.68,369.97
2024-04-19,KASE,KASE_INDEX,4914.68,4918.13,4890.15,4903.86,433.22
2024-04-22,KASE,KASE_INDEX,4907.72,4924.45,4880.24,4924.45,611.9
2024-04-23,KASE,KASE_INDEX,4924.34,4950.75,4905.67,4943.46,466.38
2024-04-24,KASE,KASE_INDEX,4942.77,4983.66,4942.71,4956.96,518.23
2024-04-25,KASE,KASE_INDEX,4952.62,4963.57,4922.39,4946.01,377.51
2024-04-26,KASE,KASE_INDEX,4945.63,4972.78,4939.46,4967.21,1101.68
2024-04-29,KASE,KASE_INDEX,4967.21,4994.61,4959.33,4977.35,396.48
2024-04-30,KASE,KASE_INDEX,4977.35,5018.82,4970.57,5011.59,525.48
2024-05-02,KASE,KASE_INDEX,5011.59,5078.71,4999.39,5064.7,660.91
2024-05-03,KASE,KASE_INDEX,5064.7,5072.87,5045.94,5045.94,491.73
2024-05-04,KASE,KASE_INDEX,5045.94,5078.54,5044.84,5061.82,237.12
2024-05-06,KASE,KASE_INDEX,5061.82,5068.98,5045.47,5062.09,317.7
2024-05-10,KASE,KASE_INDEX,5062.69,5088.31,5061.44,5065.94,557.68
2024-05-13,KASE,KASE_INDEX,5018.32,5034.93,5002.19,5029.56,616.32
2024-05-14,KASE,KASE_INDEX,5029.56,5045.79,4999.29,5001.16,407.33
2024-05-15,KASE,KASE_INDEX,5001.13,5013.73,4990.63,5000.77,470.25
2024-05-16,KASE,KASE_INDEX,5000.83,5008.15,4967.38,4978.29,374.2
2024-05-17,KASE,KASE_INDEX,4978.29,5025.28,4975.86,5015.22,521.14
2024-05-20,KASE,KASE_INDEX,5025.48,5118.83,5024.35,5108.23,558.2
2024-05-21,KASE,KASE_INDEX,5108.11,5126.19,5093.63,5112.68,498.96
2024-05-22,KASE,KASE_INDEX,5112.97,5135.47,5105.07,5109.86,738.46
2024-05-23,KASE,KASE_INDEX,5109.07,5113.49,5052.13,5065.74,314.41
2024-05-24,KASE,KASE_INDEX,5065.85,5109.08,5065.77,5093.65,417.0
2024-05-27,KASE,KASE_INDEX,5093.63,5093.67,5026.34,5083.17,1361.88
2024-05-28,KASE,KASE_INDEX,5084.33,5109.0,5078.13,5086.22,491.34
2024-05-29,KASE,KASE_INDEX,5087.62,5098.87,5053.67,5072.69,452.1
2024-05-30,KASE,KASE_INDEX,5072.69,5089.85,5028.88,5043.6,410.37
2024-05-31,KASE,KASE_INDEX,5043.19,5057.92,5037.23,5038.55,403.94
2024-06-03,KASE,KASE_INDEX,5048.56,5073.57,5033.71,5053.96,554.21
2024-06-04,KASE,KASE_INDEX,5053.18,5084.74,5036.77,5055.68,468.34
2024-06-05,KASE,KASE_INDEX,5053.42,5076.0,5041.61,5059.99,583.01
2024-06-06,KASE,KASE_INDEX,5058.95,5065.88,5038.24,5054.59,374.44
2024-06-07,KASE,KASE_INDEX,5054.69,5067.82,5035.18,5066.44,384.05
2024-06-10,KASE,KASE_INDEX,5066.44,5077.3,5039.49,5047.67,441.33
2024-06-11,KASE,KASE_INDEX,5047.67,5059.53,5018.22,5021.56,713.47
2024-06-12,KASE,KASE_INDEX,5021.56,5031.52,4995.37,4995.37,1132.46
2024-06-13,KASE,KASE_INDEX,4995.35,5051.1,4995.35,5035.54,446.98
2024-06-14,KASE,KASE_INDEX,5035.6,5054.89,5018.19,5033.0,275.72
2024-06-17,KASE,KASE_INDEX,5033.0,5047.08,5011.64,5023.49,315.7
2024-06-18,KASE,KASE_INDEX,5023.49,5046.36,5020.27,5046.36,282.2
2024-06-19,KASE,KASE_INDEX,5045.46,5111.36,5042.08,5099.09,359.05
2024-06-20,KASE,KASE_INDEX,5099.08,5111.5,5075.27,5104.86,498.99
2024-06-21,KASE,KASE_INDEX,5103.52,5120.78,5079.62,5096.94,314.47
2024-06-24,KASE,KASE_INDEX,5098.57,5116.27,5080.63,5096.06,492.59
2024-06-25,KASE,KASE_INDEX,5096.07,5110.94,5072.32,5106.98,611.91
2024-06-26,KASE,KASE_INDEX,5107.0,5124.31,5102.19,5107.59,454.31
2024-06-27,KASE,KASE_INDEX,5107.59,5157.52,5105.56,5150.63,412.12
2024-06-28,KASE,KASE_INDEX,5150.4,5164.51,5140.09,5151.81,346.41
2024-07-01,KASE,KASE_INDEX,5151.81,5182.29,5144.89,5179.32,664.75
2024-07-02,KASE,KASE_INDEX,5179.32,5188.82,5170.53,5181.02,260.69
2024-07-03,KASE,KASE_INDEX,5181.59,5196.08,5174.64,5190.61,386.51
2024-07-04,KASE,KASE_INDEX,5190.61,5253.53,5189.7,5243.48,428.39
2024-07-05,KASE,KASE_INDEX,5249.65,5288.09,5248.0,5273.35,664.69
2024-07-09,KASE,KASE_INDEX,5273.06,5279.23,5253.64,5257.42,797.15
2024-07-10,KASE,KASE_INDEX,5269.9,5277.01,5209.66,5232.8,1052.85
2024-07-11,KASE,KASE_INDEX,5232.8,5264.94,5219.74,5242.89,828.69
2024-07-12,KASE,KASE_INDEX,5245.27,5266.05,5228.62,5235.58,532.72
2024-07-15,KASE,KASE_INDEX,5235.58,5250.74,5221.86,5237.5,951.12
2024-07-16,KASE,KASE_INDEX,5233.02,5247.38,5219.95,5224.8,567.43
2024-07-17,KASE,KASE_INDEX,5224.8,5260.15,5224.8,5250.24,469.52
2024-07-18,KASE,KASE_INDEX,5250.24,5250.64,5205.24,5215.92,440.41
2024-07-19,KASE,KASE_INDEX,5216.43,5267.15,5196.75,5247.46,712.16
2024-07-22,KASE,KASE_INDEX,5245.57,5251.45,5217.35,5244.29,350.28
2024-07-23,KASE,KASE_INDEX,5241.37,5242.01,5194.99,5219.04,398.22
2024-07-24,KASE,KASE_INDEX,5219.04,5233.63,5193.69,5231.77,356.76
2024-07-25,KASE,KASE_INDEX,5231.77,5243.76,5208.98,5228.79,425.19
2024-07-26,KASE,KASE_INDEX,5228.79,5261.61,5212.18,5256.06,543.58
2024-07-29,KASE,KASE_INDEX,5255.04,5257.57,5233.46,5245.05,243.58
2024-07-30,KASE,KASE_INDEX,5245.05,5252.05,5226.26,5235.84,263.66
2024-07-31,KASE,KASE_INDEX,5232.07,5246.7,5224.52,5234.43,773.29
2024-08-01,KASE,KASE_INDEX,5234.16,5253.89,5225.32,5238.97,457.74
2024-08-02,KASE,KASE_INDEX,5238.84,5238.84,5164.78,5164.78,328.2
2024-08-05,KASE,KASE_INDEX,5164.56,5164.56,5019.11,5034.61,723.95
2024-08-06,KASE,KASE_INDEX,5034.61,5118.19,5029.85,5113.69,570.61
2024-08-07,KASE,KASE_INDEX,5113.69,5184.56,5111.65,5180.02,385.53
2024-08-08,KASE,KASE_INDEX,5180.02,5188.05,5148.37,5168.22,369.54
2024-08-09,KASE,KASE_INDEX,5166.29,5214.03,5147.57,5205.97,320.01
2024-08-12,KASE,KASE_INDEX,5211.26,5227.11,5189.56,5213.76,297.6
2024-08-13,KASE,KASE_INDEX,5215.87,5240.01,5212.68,5230.63,556.68
2024-08-14,KASE,KASE_INDEX,5230.63,5288.73,5230.63,5282.56,472.04
2024-08-15,KASE,KASE_INDEX,5282.56,5301.39,5258.1,5296.82,241.3
2024-08-16,KASE,KASE_INDEX,5296.82,5332.7,5296.43,5315.2,351.44
2024-08-19,KASE,KASE_INDEX,5315.2,5338.25,5290.01,5309.64,239.53
2024-08-20,KASE,KASE_INDEX,5309.64,5330.41,5297.31,5308.65,428.41
2024-08-21,KASE,KASE_INDEX,5308.64,5322.07,5281.35,5293.09,329.34
2024-08-22,KASE,KASE_INDEX,5290.21,5314.88,5288.06,5310.15,358.8
2024-08-23,KASE,KASE_INDEX,5310.15,5312.59,5283.46,5303.15,248.58
2024-08-26,KASE,KASE_INDEX,5313.19,5336.28,5307.92,5330.22,209.95
2024-08-27,KASE,KASE_INDEX,5330.22,5356.7,5312.8,5322.01,309.99
2024-08-28,KASE,KASE_INDEX,5322.01,5333.79,5304.0,5314.86,255.84
2024-08-29,KASE,KASE_INDEX,5314.86,5314.86,5281.53,5304.09,330.67
2024-09-02,KASE,KASE_INDEX,5305.52,5305.52,5265.49,5282.16,271.92
2024-09-03,KASE,KASE_INDEX,5282.16,5291.19,5248.35,5262.16,316.66
2024-09-04,KASE,KASE_INDEX,5261.94,5262.49,5212.47,5233.23,407.49
2024-09-05,KASE,KASE_INDEX,5233.47,5245.48,5213.89,5225.93,467.59
2024-09-06,KASE,KASE_INDEX,5225.93,5235.55,5216.6,5231.12,418.87
2024-09-09,KASE,KASE_INDEX,5230.82,5234.33,5197.14,5199.41,247.01
2024-09-10,KASE,KASE_INDEX,5199.41,5208.48,5179.86,5180.15,226.23
2024-09-11,KASE,KASE_INDEX,5180.15,5190.21,5139.69,5159.63,586.97
2024-09-12,KASE,KASE_INDEX,5157.48,5188.84,5152.63,5166.82,460.06
2024-09-13,KASE,KASE_INDEX,5166.8,5215.55,5166.52,5197.42,238.21
2024-09-16,KASE,KASE_INDEX,5197.42,5203.33,5176.61,5187.87,213.52
2024-09-17,KASE,KASE_INDEX,5187.87,5200.29,5179.79,5199.39,159.61
2024-09-18,KASE,KASE_INDEX,5199.77,5222.84,5179.97,5213.17,497.48
2024-09-19,KASE,KASE_INDEX,5213.64,5240.4,5195.48,5223.17,730.43
2024-09-20,KASE,KASE_INDEX,5223.18,5223.21,5121.12,5194.03,1280.83
2024-09-23,KASE,KASE_INDEX,5194.03,5208.51,5149.27,5162.08,518.69
2024-09-24,KASE,KASE_INDEX,5169.78,5229.73,5053.64,5197.51,906.09
2024-09-25,KASE,KASE_INDEX,5194.17,5212.96,5182.85,5190.82,211.15
2024-09-26,KASE,KASE_INDEX,5190.82,5218.46,5186.61,5186.99,247.58
2024-09-27,KASE,KASE_INDEX,5186.99,5198.55,5163.43,5167.65,322.52
2024-09-30,KASE,KASE_INDEX,5168.22,5182.72,5153.58,5171.79,674.04
2024-10-01,KASE,KASE_INDEX,5172.38,5172.67,5105.48,5117.5,325.06
2024-10-02,KASE,KASE_INDEX,5117.5,5142.48,5071.94,5088.47,618.59
2024-10-03,KASE,KASE_INDEX,5088.47,5142.77,5073.88,5098.69,801.65
2024-10-04,KASE,KASE_INDEX,5098.69,5140.3,5091.63,5127.5,789.97
2024-10-07,KASE,KASE_INDEX,5127.5,5149.12,5113.24,5131.74,293.61
2024-10-08,KASE,KASE_INDEX,5131.74,5133.43,5085.48,5102.22,314.42
2024-10-09,KASE,KASE_INDEX,5102.22,5108.9,5076.86,5102.12,260.55
2024-10-10,KASE,KASE_INDEX,5101.14,5127.22,5052.46,5119.06,535.97
2024-10-11,KASE,KASE_INDEX,5119.34,5166.31,5082.21,5148.13,600.89
2024-10-14,KASE,KASE_INDEX,5148.07,5165.36,5119.21,5134.22,278.34
2024-10-15,KASE,KASE_INDEX,5134.22,5158.08,5118.89,5152.98,748.88
2024-10-16,KASE,KASE_INDEX,5147.31,5151.94,5118.44,5149.11,497.08
2024-10-17,KASE,KASE_INDEX,5149.54,5200.34,5149.54,5191.73,897.8
2024-10-18,KASE,KASE_INDEX,5188.44,5188.44,5075.73,5169.03,451.93
2024-10-21,KASE,KASE_INDEX,5168.97,5237.41,5168.97,5222.7,519.73
2024-10-22,KASE,KASE_INDEX,5222.27,5235.54,5204.27,5231.91,305.34
2024-10-23,KASE,KASE_INDEX,5231.91,5238.26,5207.27,5218.42,1426.71
2024-10-24,KASE,KASE_INDEX,5217.29,5232.0,5197.86,5213.96,821.54
2024-10-28,KASE,KASE_INDEX,5213.04,5217.31,5187.57,5193.8,767.22
2024-10-29,KASE,KASE_INDEX,5193.29,5220.47,5187.74,5214.41,245.42
2024-10-30,KASE,KASE_INDEX,5214.41,5228.62,5201.14,5216.72,248.24
2024-10-31,KASE,KASE_INDEX,5217.51,5239.01,5209.32,5213.61,326.96
2024-11-01,KASE,KASE_INDEX,5213.5,5228.22,5201.93,5212.19,241.6
2024-11-04,KASE,KASE_INDEX,5212.22,5233.54,5203.77,5213.56,427.17
2024-11-05,KASE,KASE_INDEX,5214.06,5236.83,5210.05,5232.3,1074.17
2024-11-06,KASE,KASE_INDEX,5232.3,5289.66,5232.23,5285.67,661.07
2024-11-07,KASE,KASE_INDEX,5285.89,5346.99,5285.01,5309.22,1024.43
2024-11-08,KASE,KASE_INDEX,5309.22,5331.13,5299.95,5325.56,462.44
2024-11-11,KASE,KASE_INDEX,5325.56,5385.25,5314.32,5375.24,1021.74
2024-11-12,KASE,KASE_INDEX,5373.86,5424.61,5373.86,5409.99,2770.14
2024-11-13,KASE,KASE_INDEX,5410.49,5450.55,5393.28,5410.89,680.33
2024-11-14,KASE,KASE_INDEX,5405.56,5437.57,5382.43,5382.43,1107.13
2024-11-15,KASE,KASE_INDEX,5376.56,5392.64,5367.17,5380.75,240.25
2024-11-18,KASE,KASE_INDEX,5380.5,5410.08,5371.77,5399.24,770.22
2024-11-19,KASE,KASE_INDEX,5399.24,5444.48,5399.24,5429.72,317.82
2024-11-20,KASE,KASE_INDEX,5429.74,5436.65,5401.32,5406.83,295.2
2024-11-21,KASE,KASE_INDEX,5406.83,5440.35,5353.48,5414.71,454.32
2024-11-22,KASE,KASE_INDEX,5414.52,5426.92,5381.98,5407.67,466.68
2024-11-25,KASE,KASE_INDEX,5407.59,5434.95,5328.23,5430.09,1478.95
2024-11-26,KASE,KASE_INDEX,5429.67,5516.65,5429.38,5473.28,2746.07
2024-11-27,KASE,KASE_INDEX,5473.28,5506.77,5399.67,5470.92,1314.48
2024-11-28,KASE,KASE_INDEX,5470.92,5500.5,5464.71,5493.39,491.01
2024-11-29,KASE,KASE_INDEX,5493.77,5524.76,5475.85,5524.76,350.08
2024-12-02,KASE,KASE_INDEX,5525.24,5577.49,5524.9,5562.38,418.84
2024-12-03,KASE,KASE_INDEX,5562.39,5589.1,5545.98,5577.45,629.16
2024-12-04,KASE,KASE_INDEX,5577.45,5605.75,5573.54,5598.72,6187.97
2024-12-05,KASE,KASE_INDEX,5598.51,5642.46,5598.51,5624.38,565.95
2024-12-06,KASE,KASE_INDEX,5624.38,5625.17,5573.23,5615.24,4568.28
2024-12-09,KASE,KASE_INDEX,5615.2,5630.23,5588.72,5601.35,1129.82
2024-12-10,KASE,KASE_INDEX,5601.1,5601.1,5522.65,5576.41,487.23
2024-12-11,KASE,KASE_INDEX,5577.74,5599.75,5567.28,5585.54,3208.91
2024-12-12,KASE,KASE_INDEX,5585.52,5601.85,5579.57,5594.2,411.63
2024-12-13,KASE,KASE_INDEX,5594.2,5595.02,5550.45,5554.52,2188.06
2024-12-17,KASE,KASE_INDEX,5551.96,5563.69,5534.17,5552.72,384.38
2024-12-18,KASE,KASE_INDEX,5552.72,5557.45,5538.22,5546.51,283.34
2024-12-19,KASE,KASE_INDEX,5546.51,5548.31,5498.4,5508.25,552.5
2024-12-20,KASE,KASE_INDEX,5506.72,5522.45,5489.99,5515.11,2520.61
2024-12-23,KASE,KASE_INDEX,5515.11,5524.08,5486.91,5502.98,317.25
2024-12-24,KASE,KASE_INDEX,5502.47,5515.43,5468.56,5488.77,501.84
2024-12-25,KASE,KASE_INDEX,5488.77,5503.7,5471.28,5495.79,625.17
2024-12-26,KASE,KASE_INDEX,5487.17,5513.08,5480.25,5507.11,289.57
2024-12-27,KASE,KASE_INDEX,5508.6,5567.75,5506.04,5547.76,972.5
2024-12-30,KASE,KASE_INDEX,5547.55,5576.54,5526.72,5562.63,375.18
2024-12-31,KASE,KASE_INDEX,5562.63,5594.78,5546.18,5578.1,164.61
2025-01-05,KASE,KASE_INDEX,5578.09,5661.35,5578.09,5640.18,299.63
2025-01-06,KASE,KASE_INDEX,5640.19,5717.75,5634.35,5678.32,476.56
2025-01-08,KASE,KASE_INDEX,5674.87,5725.3,5666.98,5711.93,1367.1
2025-01-09,KASE,KASE_INDEX,5712.48,5737.23,5684.58,5728.29,515.02
2025-01-10,KASE,KASE_INDEX,5729.27,5779.87,5723.54,5776.87,655.73
2025-01-13,KASE,KASE_INDEX,5766.11,5842.54,5755.39,5762.47,566.73
2025-01-14,KASE,KASE_INDEX,5762.47,5783.2,5748.41,5761.11,1267.81
2025-01-15,KASE,KASE_INDEX,5761.11,5785.65,5732.57,5772.26,1443.06
2025-01-16,KASE,KASE_INDEX,5772.26,5801.79,5741.07,5759.54,727.04
2025-01-17,KASE,KASE_INDEX,5759.52,5790.87,5748.23,5755.77,935.78
2025-01-20,KASE,KASE_INDEX,5755.86,5798.13,5737.12,5761.45,714.85
2025-01-21,KASE,KASE_INDEX,5761.46,5811.75,5705.46,5723.92,1656.95
2025-01-22,KASE,KASE_INDEX,5720.86,5784.21,5711.64,5743.93,1496.73
2025-01-23,KASE,KASE_INDEX,5743.93,5798.9,5734.83,5752.57,994.24
2025-01-24,KASE,KASE_INDEX,5752.37,5767.58,5716.98,5725.55,851.83
2025-01-27,KASE,KASE_INDEX,5725.55,5737.18,5690.14,5709.89,781.32
2025-01-28,KASE,KASE_INDEX,5711.06,5721.17,5668.07,5692.38,489.55
2025-01-29,KASE,KASE_INDEX,5698.32,5709.16,5663.4,5669.14,721.19
2025-01-30,KASE,KASE_INDEX,5669.14,5686.98,5631.84,5637.23,825.96
2025-01-31,KASE,KASE_INDEX,5637.04,5653.78,5628.52,5644.41,751.66
2025-02-03,KASE,KASE_INDEX,5644.41,5655.78,5537.12,5556.18,1543.65
2025-02-04,KASE,KASE_INDEX,5553.39,5595.25,5552.27,5571.44,1736.51
2025-02-05,KASE,KASE_INDEX,5571.44,5606.33,5544.48,5553.33,1068.91
2025-02-06,KASE,KASE_INDEX,5553.33,5576.16,5512.02,5527.16,6518.02
2025-02-07,KASE,KASE_INDEX,5527.16,5581.7,5517.71,5557.05,1288.13
2025-02-10,KASE,KASE_INDEX,5557.05,5558.77,5510.51,5539.29,1218.5
2025-02-11,KASE,KASE_INDEX,5539.53,5556.83,5486.98,5512.34,814.05
2025-02-12,KASE,KASE_INDEX,5512.34,5512.34,5476.18,5491.98,701.41
2025-02-13,KASE,KASE_INDEX,5491.77,5553.95,5481.51,5530.81,732.36
2025-02-14,KASE,KASE_INDEX,5540.81,5584.3,5540.69,5558.94,743.43
2025-02-17,KASE,KASE_INDEX,5559.94,5567.09,5528.95,5546.86,1537.9
2025-02-18,KASE,KASE_INDEX,5546.86,5600.46,5537.3,5600.46,831.13
2025-02-19,KASE,KASE_INDEX,5598.87,5638.13,5598.87,5628.52,662.1
2025-02-20,KASE,KASE_INDEX,5628.52,5628.52,5567.54,5583.77,615.71
2025-02-21,KASE,KASE_INDEX,5585.06,5608.46,5570.49,5608.46,415.21
2025-02-24,KASE,KASE_INDEX,5608.46,5641.65,5586.43,5607.51,877.63
2025-02-25,KASE,KASE_INDEX,5607.51,5619.3,5548.01,5582.96,971.42
2025-02-26,KASE,KASE_INDEX,5582.96,5601.82,5565.19,5581.12,1653.03
2025-02-27,KASE,KASE_INDEX,5581.12,5629.47,5570.61,5614.51,313.84
2025-02-28,KASE,KASE_INDEX,5614.5,5629.53,5599.58,5620.34,648.55
2025-03-03,KASE,KASE_INDEX,5621.6,5654.41,5601.34,5638.41,1273.88
2025-03-04,KASE,KASE_INDEX,5636.93,5670.45,5624.25,5638.97,1116.45
2025-03-05,KASE,KASE_INDEX,5639.42,5659.28,5610.55,5653.54,488.3
2025-03-06,KASE,KASE_INDEX,5653.54,5657.48,5625.48,5644.32,879.83
2025-03-07,KASE,KASE_INDEX,5644.32,5673.81,5635.2,5651.87,404.79
2025-03-11,KASE,KASE_INDEX,5651.9,5651.9,5540.32,5573.93,534.85
2025-03-12,KASE,KASE_INDEX,5573.93,5592.72,5559.83,5588.7,327.99
2025-03-13,KASE,KASE_INDEX,5594.51,5608.33,5556.56,5597.77,1571.1
2025-03-14,KASE,KASE_INDEX,5597.77,5630.52,5594.53,5622.95,391.15
2025-03-17,KASE,KASE_INDEX,5624.62,5653.3,5614.42,5638.19,1059.09
2025-03-18,KASE,KASE_INDEX,5636.71,5665.14,5620.59,5627.51,1149.84
2025-03-19,KASE,KASE_INDEX,5627.51,5640.18,5609.84,5636.23,896.22
2025-03-20,KASE,KASE_INDEX,5636.23,5652.74,5608.88,5652.42,2400.58
2025-03-26,KASE,KASE_INDEX,5652.1,5681.61,5606.6,5631.75,1696.7
2025-03-27,KASE,KASE_INDEX,5631.75,5654.43,5596.43,5606.89,1511.14
2025-03-28,KASE,KASE_INDEX,5629.55,5658.5,5598.13,5646.39,1008.12
2025-03-31,KASE,KASE_INDEX,5659.34,5686.69,5630.66,5658.74,1591.79
2025-04-01,KASE,KASE_INDEX,5655.33,5721.07,5646.97,5707.91,4797.9
2025-04-02,KASE,KASE_INDEX,5706.16,5761.03,5698.01,5698.01,836.66
2025-04-03,KASE,KASE_INDEX,5698.01,5741.48,5668.39,5676.94,1086.13
2025-04-04,KASE,KASE_INDEX,5676.73,5681.2,5515.24,5522.77,1112.34
2025-04-07,KASE,KASE_INDEX,5515.65,5515.65,5375.65,5497.73,936.41
2025-04-08,KASE,KASE_INDEX,5497.95,5526.33,5453.04,5522.31,601.59
2025-04-09,KASE,KASE_INDEX,5522.31,5523.33,5409.07,5432.65,727.34
2025-04-10,KASE,KASE_INDEX,5462.24,5606.74,5461.26,5533.31,1739.52
2025-04-11,KASE,KASE_INDEX,5532.05,5536.35,5470.38,5491.64,393.14
2025-04-14,KASE,KASE_INDEX,5491.64,5554.99,5472.53,5509.29,1494.77
2025-04-15,KASE,KASE_INDEX,5508.69,5600.15,5508.65,5590.15,24210.36
2025-04-16,KASE,KASE_INDEX,5590.16,5614.05,5576.9,5598.03,353.04
2025-04-17,KASE,KASE_INDEX,5597.06,5605.25,5528.66,5546.46,676.5
2025-04-18,KASE,KASE_INDEX,5546.49,5572.6,5532.05,5565.73,495.36
2025-04-21,KASE,KASE_INDEX,5565.61,5580.7,5547.04,5569.21,260.51
2025-04-22,KASE,KASE_INDEX,5569.21,5578.53,5524.36,5544.1,478.55
2025-04-23,KASE,KASE_INDEX,5541.64,5596.87,5541.64,5585.35,1475.09
2025-04-24,KASE,KASE_INDEX,5585.35,5629.12,5580.7,5606.86,2939.16
2025-04-25,KASE,KASE_INDEX,5606.9,5663.38,5606.9,5654.55,552.21
2025-04-28,KASE,KASE_INDEX,5640.0,5697.21,5640.0,5666.03,259.88
2025-04-29,KASE,KASE_INDEX,5661.91,5692.79,5644.59,5682.25,550.86
2025-04-30,KASE,KASE_INDEX,5614.32,5641.26,5549.39,5622.1,1274.02
2025-05-02,KASE,KASE_INDEX,5612.59,5655.9,5583.75,5640.44,466.75
2025-05-05,KASE,KASE_INDEX,5640.76,5714.47,5625.07,5714.47,1269.82
2025-05-06,KASE,KASE_INDEX,5697.42,5722.08,5662.02,5679.34,1113.31
2025-05-08,KASE,KASE_INDEX,5679.34,5729.82,5677.7,5712.94,925.77
2025-05-12,KASE,KASE_INDEX,5713.22,5748.74,5701.7,5718.3,2284.08
2025-05-13,KASE,KASE_INDEX,5718.3,5720.43,5653.4,5658.47,645.93
2025-05-14,KASE,KASE_INDEX,5658.47,5670.75,5627.6,5655.03,644.88
2025-05-15,KASE,KASE_INDEX,5659.89,5683.56,5639.83,5645.9,931.29
2025-05-16,KASE,KASE_INDEX,5649.13,5677.11,5635.65,5648.62,968.98
2025-05-19,KASE,KASE_INDEX,5651.82,5682.86,5588.1,5678.39,1584.05
2025-05-20,KASE,KASE_INDEX,5644.97,5705.65,5639.5,5705.65,1103.56
2025-05-21,KASE,KASE_INDEX,5705.59,5707.42,5620.61,5673.73,1388.07
2025-05-22,KASE,KASE_INDEX,5673.73,5673.79,5542.65,5562.04,900.77
2025-05-23,KASE,KASE_INDEX,5574.32,5642.82,5559.74,5578.56,1616.45
2025-05-26,KASE,KASE_INDEX,5580.16,5654.19,5575.75,5638.94,1037.17
2025-05-27,KASE,KASE_INDEX,5639.4,5676.87,5629.62,5651.95,699.87
2025-05-28,KASE,KASE_INDEX,5651.74,5651.8,5592.75,5614.46,543.33
2025-05-29,KASE,KASE_INDEX,5614.45,5614.45,5562.84,5588.22,609.65
2025-05-30,KASE,KASE_INDEX,5579.05,5584.57,5542.05,5561.46,689.54
2025-06-02,KASE,KASE_INDEX,5561.51,5584.02,5548.2,5572.98,593.21
2025-06-03,KASE,KASE_INDEX,5571.57,5612.03,5559.82,5594.28,2755.72
2025-06-04,KASE,KASE_INDEX,5594.85,5634.81,5594.85,5626.28,726.14
2025-06-05,KASE,KASE_INDEX,5626.67,5684.52,5626.67,5676.74,1207.71
2025-06-09,KASE,KASE_INDEX,5676.74,5710.77,5671.23,5687.01,574.9
2025-06-10,KASE,KASE_INDEX,5687.01,5736.37,5677.71,5680.62,1225.92
2025-06-11,KASE,KASE_INDEX,5683.82,5714.19,5663.24,5708.24,1375.49
2025-06-12,KASE,KASE_INDEX,5708.23,5775.63,5706.39,5775.63,547.41
2025-06-13,KASE,KASE_INDEX,5775.63,5811.02,5770.24,5802.56,515.57
2025-06-16,KASE,KASE_INDEX,5802.56,5885.94,5773.58,5864.25,899.71
2025-06-17,KASE,KASE_INDEX,5864.25,5935.21,5864.25,5930.93,883.96
2025-06-18,KASE,KASE_INDEX,5930.92,6002.02,5930.13,6002.02,1447.25
2025-06-19,KASE,KASE_INDEX,6001.99,6027.09,5982.59,6017.85,1197.07
2025-06-20,KASE,KASE_INDEX,6017.85,6020.16,5953.65,5992.27,963.26
2025-06-23,KASE,KASE_INDEX,5992.07,6031.76,5970.33,6026.73,747.02
2025-06-24,KASE,KASE_INDEX,6026.76,6026.76,5936.83,5960.09,972.83
2025-06-25,KASE,KASE_INDEX,5961.37,5971.31,5938.72,5970.68,598.33
2025-06-26,KASE,KASE_INDEX,5969.84,5973.31,5933.36,5951.35,440.0
2025-06-27,KASE,KASE_INDEX,5951.35,5992.41,5944.75,5990.38,379.33
2025-06-30,KASE,KASE_INDEX,5990.27,6043.94,5970.96,6018.56,1175.68
2025-07-01,KASE,KASE_INDEX,6011.49,6050.18,6011.49,6040.82,669.31
2025-07-02,KASE,KASE_INDEX,6040.71,6060.2,6024.94,6056.9,784.94
2025-07-03,KASE,KASE_INDEX,6050.6,6090.72,6047.76,6072.24,647.45
2025-07-04,KASE,KASE_INDEX,6071.84,6113.14,6068.97,6113.14,712.27
2025-07-08,KASE,KASE_INDEX,6109.54,6141.1,6103.22,6126.19,1033.72
2025-07-09,KASE,KASE_INDEX,6126.13,6173.88,6123.69,6160.74,547.79
2025-07-10,KASE,KASE_INDEX,6160.74,6232.33,6158.81,6216.57,1146.08
2025-07-11,KASE,KASE_INDEX,6216.63,6241.68,6202.1,6210.22,802.72
2025-07-14,KASE,KASE_INDEX,6210.22,6210.22,6127.48,6161.24,1198.81
2025-07-15,KASE,KASE_INDEX,6161.24,6215.29,6160.21,6205.7,1163.25
2025-07-16,KASE,KASE_INDEX,6205.7,6213.39,6172.8,6203.82,509.51
2025-07-17,KASE,KASE_INDEX,6203.82,6247.16,6202.77,6242.93,2971.59
2025-07-18,KASE,KASE_INDEX,6243.02,6311.28,6240.67,6261.76,850.11
2025-07-21,KASE,KASE_INDEX,6276.2,6295.28,6261.05,6283.72,423.96
2025-07-22,KASE,KASE_INDEX,6283.71,6348.36,6283.71,6330.41,743.22
2025-07-23,KASE,KASE_INDEX,6329.83,6383.13,6329.83,6379.65,777.5
2025-07-24,KASE,KASE_INDEX,6379.65,6492.38,6378.55,6463.98,955.73
2025-07-25,KASE,KASE_INDEX,6470.43,6506.56,6441.76,6463.06,1004.6
2025-07-28,KASE,KASE_INDEX,6463.04,6498.16,6406.97,6468.75,503.96
2025-07-29,KASE,KASE_INDEX,6468.78,6512.29,6450.33,6466.36,651.79
2025-07-30,KASE,KASE_INDEX,6465.43,6481.22,6451.81,6467.47,372.02
2025-07-31,KASE,KASE_INDEX,6465.48,6468.38,6405.02,6413.66,580.18
2025-08-01,KASE,KASE_INDEX,6413.66,6413.66,6340.18,6390.9,469.87
2025-08-04,KASE,KASE_INDEX,6390.92,6391.38,6338.65,6359.08,581.77
2025-08-05,KASE,KASE_INDEX,6371.36,6421.14,6368.1,6402.38,669.02
2025-08-06,KASE,KASE_INDEX,6412.69,6449.99,6412.46,6435.4,752.62
2025-08-07,KASE,KASE_INDEX,6435.4,6465.77,6422.43,6428.03,550.55
2025-08-08,KASE,KASE_INDEX,6432.12,6578.2,6432.12,6563.38,982.27
2025-08-11,KASE,KASE_INDEX,6563.83,6735.42,6561.57,6698.5,1364.71
2025-08-12,KASE,KASE_INDEX,6701.77,6786.76,6691.26,6725.66,1137.35
2025-08-13,KASE,KASE_INDEX,6725.66,6764.23,6722.97,6751.9,1018.56
2025-08-14,KASE,KASE_INDEX,6749.73,6839.76,6720.57,6829.96,1328.24
2025-08-15,KASE,KASE_INDEX,6837.63,6905.75,6832.24,6862.78,1082.3
2025-08-18,KASE,KASE_INDEX,6862.37,6898.11,6775.25,6833.97,977.86
2025-08-19,KASE,KASE_INDEX,6833.97,6887.34,6829.61,6836.53,1550.51
2025-08-20,KASE,KASE_INDEX,6830.33,6833.63,6776.3,6797.41,976.51
2025-08-21,KASE,KASE_INDEX,6797.41,6797.41,6699.84,6708.71,932.02
2025-08-22,KASE,KASE_INDEX,6709.04,6727.55,6681.12,6693.93,889.65
2025-08-25,KASE,KASE_INDEX,6692.07,6764.12,6692.03,6748.97,838.14
2025-08-26,KASE,KASE_INDEX,6748.53,6805.41,6745.68,6772.18,1159.13
2025-08-27,KASE,KASE_INDEX,6769.55,6824.76,6769.55,6809.92,824.94
2025-08-28,KASE,KASE_INDEX,6809.92,6877.39,6809.92,6872.26,922.34
2025-08-29,KASE,KASE_INDEX,6872.26,7039.07,6872.26,6993.05,1045.69
2025-09-02,KASE,KASE_INDEX,6992.81,7089.06,6975.51,7056.26,1259.22
2025-09-03,KASE,KASE_INDEX,7056.26,7144.46,7048.87,7130.11,1165.53
2025-09-04,KASE,KASE_INDEX,7124.82,7185.66,6846.41,7099.85,2013.48
2025-09-05,KASE,KASE_INDEX,7099.63,7136.48,7013.25,7075.32,1020.46
2025-09-08,KASE,KASE_INDEX,7075.44,7164.55,7075.44,7163.45,2282.19
2025-09-09,KASE,KASE_INDEX,7163.45,7169.65,7096.18,7111.06,903.25
2025-09-10,KASE,KASE_INDEX,7111.21,7133.81,7085.27,7104.05,934.03
2025-09-11,KASE,KASE_INDEX,7097.07,7171.6,7097.07,7132.03,1673.98
2025-09-12,KASE,KASE_INDEX,7132.03,7198.55,7129.3,7162.72,788.07
2025-09-15,KASE,KASE_INDEX,7160.47,7189.33,7090.97,7170.16,1039.55
2025-09-16,KASE,KASE_INDEX,7170.16,7252.32,7123.76,7141.84,1123.07
2025-09-17,KASE,KASE_INDEX,7141.32,7172.21,7028.12,7066.2,889.16
2025-09-18,KASE,KASE_INDEX,7067.92,7195.41,7067.78,7156.37,1565.65
2025-09-19,KASE,KASE_INDEX,7149.99,7149.99,7077.38,7094.47,959.21
2025-09-22,KASE,KASE_INDEX,7094.47,7155.22,7080.95,7083.09,725.93
2025-09-23,KASE,KASE_INDEX,7083.09,7137.6,7079.1,7119.3,1450.59
2025-09-24,KASE,KASE_INDEX,7107.64,7141.91,7089.56,7130.38,946.37
2025-09-25,KASE,KASE_INDEX,7129.52,7170.24,7107.23,7151.78,899.35
2025-09-26,KASE,KASE_INDEX,7147.77,7196.7,7120.86,7144.28,477.33
2025-09-29,KASE,KASE_INDEX,7139.37,7184.23,7135.03,7166.36,535.78
2025-09-30,KASE,KASE_INDEX,7166.36,7173.09,7119.61,7149.42,749.05
2025-10-01,KASE,KASE_INDEX,7167.83,7228.29,7165.25,7212.13,1562.04
2025-10-02,KASE,KASE_INDEX,7212.16,7244.78,7169.73,7190.42,1056.1
2025-10-03,KASE,KASE_INDEX,7182.72,7200.29,7047.97,7160.19,691.24
2025-10-06,KASE,KASE_INDEX,7160.19,7190.1,7069.25,7147.37,1789.35
2025-10-07,KASE,KASE_INDEX,7149.5,7159.51,7099.41,7117.77,1821.11
2025-10-08,KASE,KASE_INDEX,7118.02,7125.05,7056.04,7076.37,822.41
2025-10-09,KASE,KASE_INDEX,7076.37,7172.47,7053.51,7172.47,692.24
2025-10-10,KASE,KASE_INDEX,7172.47,7184.46,7142.51,7156.91,831.78
2025-10-13,KASE,KASE_INDEX,7156.84,7158.8,7050.33,7079.88,855.31
2025-10-14,KASE,KASE_INDEX,7079.87,7113.23,7025.62,7054.53,1045.71
2025-10-15,KASE,KASE_INDEX,7054.63,7122.0,7040.09,7060.34,1168.97
2025-10-16,KASE,KASE_INDEX,7060.34,7109.66,7019.49,7094.04,1050.49
2025-10-17,KASE,KASE_INDEX,7093.29,7098.85,6983.78,7044.76,936.97
2025-10-20,KASE,KASE_INDEX,7044.76,7044.88,6948.05,6974.9,836.44
2025-10-21,KASE,KASE_INDEX,6974.9,6994.0,6955.29,6971.51,786.38
2025-10-22,KASE,KASE_INDEX,6971.98,6971.98,6917.98,6933.76,702.61
2025-10-23,KASE,KASE_INDEX,6933.76,6956.95,6893.18,6944.21,1225.93
2025-10-24,KASE,KASE_INDEX,6944.21,7004.3,6921.17,6944.39,647.99
2025-10-28,KASE,KASE_INDEX,6944.39,6981.14,6916.27,6961.81,635.75
2025-10-29,KASE,KASE_INDEX,6961.81,6990.02,6937.42,6944.72,689.84
2025-10-30,KASE,KASE_INDEX,6944.69,7046.94,6937.67,7036.28,564.22
2025-10-31,KASE,KASE_INDEX,7036.68,7147.35,7027.1,7131.47,887.01
2025-11-03,KASE,KASE_INDEX,7133.46,7200.23,7118.77,7171.65,983.56
2025-11-04,KASE,KASE_INDEX,7171.72,7171.72,7053.23,7086.96,813.68
2025-11-05,KASE,KASE_INDEX,7086.96,7091.77,6969.16,6970.14,880.44
2025-11-06,KASE,KASE_INDEX,6970.1,7053.26,6969.81,7029.72,507.53
2025-11-07,KASE,KASE_INDEX,7029.72,7035.81,6941.57,6955.48,502.05
2025-11-10,KASE,KASE_INDEX,6955.27,7028.15,6931.62,7005.2,635.95
2025-11-11,KASE,KASE_INDEX,7004.98,7053.29,6977.83,7013.68,744.05
2025-11-12,KASE,KASE_INDEX,7017.38,7050.23,6997.16,7012.65,674.3
2025-11-13,KASE,KASE_INDEX,7012.63,7028.55,6976.39,7000.02,455.39
2025-11-14,KASE,KASE_INDEX,7000.02,7000.14,6936.42,6948.17,697.92
2025-11-17,KASE,KASE_INDEX,6948.17,6955.79,6874.18,6909.15,667.48
2025-11-18,KASE,KASE_INDEX,6901.18,6901.18,6774.32,6804.81,692.83
2025-11-19,KASE,KASE_INDEX,6804.81,6832.73,6753.93,6794.05,926.74
2025-11-20,KASE,KASE_INDEX,6794.04,6841.66,6782.53,6836.23,669.11
2025-11-21,KASE,KASE_INDEX,6836.09,6836.09,6644.22,6717.76,1343.48
2025-11-24,KASE,KASE_INDEX,6717.26,6740.64,6685.22,6735.1,721.08
2025-11-25,KASE,KASE_INDEX,6735.1,6776.19,6718.24,6756.34,585.5
2025-11-26,KASE,KASE_INDEX,6752.89,6842.88,6745.0,6828.13,530.94
2025-11-27,KASE,KASE_INDEX,6827.45,6860.52,6760.27,6835.65,561.01
2025-11-28,KASE,KASE_INDEX,6851.78,6881.88,6801.87,6818.9,551.63
2025-12-01,KASE,KASE_INDEX,6818.9,6858.17,6794.94,6824.04,615.46
2025-12-02,KASE,KASE_INDEX,6825.06,6856.88,6812.9,6843.81,381.0
2025-12-03,KASE,KASE_INDEX,6841.99,6859.74,6826.06,6841.47,489.23
2025-12-04,KASE,KASE_INDEX,6845.28,6863.57,6803.6,6846.1,651.39
2025-12-05,KASE,KASE_INDEX,6846.1,6942.54,6844.29,6900.33,920.84
2025-12-08,KASE,KASE_INDEX,6900.34,6919.52,6841.01,6896.48,710.55
2025-12-09,KASE,KASE_INDEX,6896.14,6896.14,6856.41,6862.25,634.26
2025-12-10,KASE,KASE_INDEX,6862.03,6972.58,6859.06,6939.58,577.21
2025-12-11,KASE,KASE_INDEX,6939.63,7042.94,6939.63,7009.09,789.4
2025-12-12,KASE,KASE_INDEX,7010.81,7109.05,7010.81,7082.67,1083.2
2025-12-15,KASE,KASE_INDEX,7081.38,7105.57,7000.74,7031.64,539.23
2025-12-17,KASE,KASE_INDEX,7031.74,7036.96,6907.77,6965.84,938.54
2025-12-18,KASE,KASE_INDEX,6922.69,6951.1,6891.57,6917.05,1074.8
2025-12-19,KASE,KASE_INDEX,6941.65,6992.71,6941.13,6987.76,1364.33
2025-12-22,KASE,KASE_INDEX,6989.25,7010.49,6922.43,6986.55,2143.37
2025-12-23,KASE,KASE_INDEX,6986.56,7001.23,6908.3,6982.14,1403.54
2025-12-24,KASE,KASE_INDEX,6979.18,7007.66,6957.82,7003.88,1057.59
2025-12-25,KASE,KASE_INDEX,7003.06,7074.39,6997.09,7054.81,816.64
2025-12-26,KASE,KASE_INDEX,7054.81,7078.32,7037.41,7050.77,773.8
2025-12-29,KASE,KASE_INDEX,7050.77,7061.66,7016.29,7037.99,754.69
2025-12-30,KASE,KASE_INDEX,7040.76,7067.39,7013.49,7049.12,820.97
2025-12-31,KASE,KASE_INDEX,7049.16,7088.9,7008.95,7031.32,648.75
2026-01-05,KASE,KASE_INDEX,7031.74,7132.37,7031.53,7125.91,699.97
2026-01-06,KASE,KASE_INDEX,7125.91,7230.0,7116.69,7167.89,1109.63
2026-01-08,KASE,KASE_INDEX,7176.43,7248.48,7166.78,7219.74,619.36
2026-01-09,KASE,KASE_INDEX,7219.71,7299.92,7218.02,7299.29,1111.6
2026-01-12,KASE,KASE_INDEX,7299.29,7303.38,7232.58,7257.03,651.56
2026-01-13,KASE,KASE_INDEX,7281.05,7298.12,7256.95,7284.83,561.19
2026-01-14,KASE,KASE_INDEX,7284.28,7284.28,7236.33,7237.92,353.69
2026-01-15,KASE,KASE_INDEX,7237.87,7312.25,7237.87,7266.49,704.98
2026-01-16,KASE,KASE_INDEX,7266.49,7294.15,7240.17,7290.62,473.15
2026-01-19,KASE,KASE_INDEX,7291.66,7327.5,7274.75,7316.25,1061.83
2026-01-20,KASE,KASE_INDEX,7316.25,7423.96,7316.25,7383.49,1048.21
2026-01-21,KASE,KASE_INDEX,7383.49,7387.7,7325.43,7331.83,2000.75
2026-01-22,KASE,KASE_INDEX,7331.83,7376.62,7325.52,7368.03,894.83
2026-01-23,KASE,KASE_INDEX,7364.68,7398.98,7348.09,7384.69,596.42
2026-01-26,KASE,KASE_INDEX,7384.68,7401.57,7358.75,7384.59,757.06
2026-01-27,KASE,KASE_INDEX,7384.59,7427.82,7376.44,7392.59,726.94
2026-01-28,KASE,KASE_INDEX,7392.91,7686.64,7392.91,7686.24,2621.14
2026-01-29,KASE,KASE_INDEX,7683.29,7790.32,7679.17,7764.82,1508.19
2026-01-30,KASE,KASE_INDEX,7764.56,7764.56,7590.46,7702.6,1384.15
2026-02-02,KASE,KASE_INDEX,7702.6,7702.6,7547.98,7593.97,935.8
2026-02-03,KASE,KASE_INDEX,7593.97,7723.0,7592.48,7664.03,955.53
2026-02-04,KASE,KASE_INDEX,7664.03,7690.83,7644.89,7684.79,1330.85
2026-02-05,KASE,KASE_INDEX,7682.55,7709.22,7541.67,7559.75,1152.01
2026-02-06,KASE,KASE_INDEX,7559.75,7563.1,7483.55,7560.91,1211.18
2026-02-09,KASE,KASE_INDEX,7561.85,7669.24,7561.85,7652.71,1699.59
2026-02-10,KASE,KASE_INDEX,7670.12,7710.59,7657.9,7675.08,745.89
2026-02-11,KASE,KASE_INDEX,7676.07,7703.26,7651.7,7672.98,609.59
2026-02-12,KASE,KASE_INDEX,7672.98,7707.4,7665.66,7684.32,750.88
2026-02-13,KASE,KASE_INDEX,7684.32,7695.33,7628.46,7642.34,618.46
2026-02-16,KASE,KASE_INDEX,7640.07,7676.69,7598.14,7619.26,694.46
2026-02-17,KASE,KASE_INDEX,7619.26,7642.28,7568.8,7586.99,1181.43
2026-02-18,KASE,KASE_INDEX,7582.8,7586.67,7544.12,7565.91,1072.83
2026-02-19,KASE,KASE_INDEX,7574.89,7602.69,7565.46,7576.01,689.02
2026-02-20,KASE,KASE_INDEX,7573.8,7621.56,7570.3,7602.71,552.2
2026-02-23,KASE,KASE_INDEX,7605.84,7628.89,7589.73,7628.89,700.55
2026-02-24,KASE,KASE_INDEX,7628.9,7642.04,7595.95,7636.3,802.8
2026-02-25,KASE,KASE_INDEX,7630.84,7693.9,7625.83,7686.97,844.1
2026-02-26,KASE,KASE_INDEX,7687.15,7787.48,7687.15,7748.83,1105.88
2026-02-27,KASE,KASE_INDEX,7748.83,7753.31,7675.47,7711.15,696.22
2026-03-02,KASE,KASE_INDEX,7709.74,7881.0,7681.01,7848.79,1783.03
2026-03-03,KASE,KASE_INDEX,7847.76,8014.55,7847.76,7901.0,1581.59
2026-03-04,KASE,KASE_INDEX,7901.0,7911.94,7805.43,7819.34,932.86
2026-03-05,KASE,KASE_INDEX,7815.23,7815.52,7727.5,7794.15,1010.67
2026-03-06,KASE,KASE_INDEX,7794.22,7833.29,7749.71,7756.58,1070.02
2026-03-10,KASE,KASE_INDEX,7756.06,7838.47,7718.36,7781.62,1412.74
2026-03-11,KASE,KASE_INDEX,7781.62,7832.91,7763.91,7800.43,1441.96
2026-03-12,KASE,KASE_INDEX,7800.15,7801.42,7751.99,7758.98,591.49
2026-03-13,KASE,KASE_INDEX,7758.98,7802.36,7730.99,7782.24,1402.84
